oktmo,region,municipality,settlement,type,Геоточка,latitude_dms,longitude_dms,latitude_dd,longitude_dd
98601404101,Республика Саха (Якутия),Абыйский,Абый,с,"[68.3936111111111,145.068888888889]",68.23.37,145.04.08,68.3936111111111,145.068888888889
98601151051,Республика Саха (Якутия),Абыйский,Белая Гора,пгт,"[68.5375,146.193333333333]",68.32.15,146.11.36,68.5375,146.193333333333
98601404106,Республика Саха (Якутия),Абыйский,Деску,с,"[68.37,144.525]",68.22.12,144.31.30,68.37,144.525
98601422101,Республика Саха (Якутия),Абыйский,Кенг-Кюель,с,"[68.0761111111111,145.995277777778]",68.04.34,145.59.43,68.0761111111111,145.995277777778
98601409101,Республика Саха (Якутия),Абыйский,Куберганя,с,"[67.7702777777778,144.4875]",67.46.13,144.29.15,67.7702777777778,144.4875
98601433101,Республика Саха (Якутия),Абыйский,Сутуруоха,с,"[68.5527777777778,146.162222222222]",68.33.10,146.09.44,68.5527777777778,146.162222222222
98601417101,Республика Саха (Якутия),Абыйский,Сыаганнах,с,"[68.3708333333333,143.633055555556]",68.22.15,143.37.59,68.3708333333333,143.633055555556
98603101001,Республика Саха (Якутия),Алданский,Алдан,г,"[58.6030555555556,125.384444444444]",58.36.11,125.23.04,58.6030555555556,125.384444444444
98603105056,Республика Саха (Якутия),Алданский,Безымянный,п,"[58.7436111111111,126.387222222222]",58.44.37,126.23.14,58.7436111111111,126.387222222222
98603101056,Республика Саха (Якутия),Алданский,Большой Нимныр,п,"[58.0416666666667,125.482777777778]",58.02.30,125.28.58,58.0416666666667,125.482777777778
98603170106,Республика Саха (Якутия),Алданский,Верхний Куранах,с,"[58.755,125.483333333333]",58.45.18,125.29.00,58.755,125.483333333333
98603105111,Республика Саха (Якутия),Алданский,Верхняя Амга,с,"[59.6488888888889,127.116111111111]",59.38.56,127.06.58,59.6488888888889,127.116111111111
98603404101,Республика Саха (Якутия),Алданский,Кутана,с,"[59.015,131.744444444444]",59.00.54,131.44.40,59.015,131.744444444444
98603161056,Республика Саха (Якутия),Алданский,Лебединый,п,"[58.4922222222222,125.501388888889]",58.29.32,125.30.05,58.4922222222222,125.501388888889
98603161051,Республика Саха (Якутия),Алданский,Ленинский,п,"[58.5766666666667,125.435277777778]",58.34.36,125.26.07,58.5766666666667,125.435277777778
98603170051,Республика Саха (Якутия),Алданский,Нижний Куранах,п,"[58.8175,125.527222222222]",58.49.03,125.31.38,58.8175,125.527222222222
98603161106,Республика Саха (Якутия),Алданский,Орочен 1-й,с,"[58.4841666666667,125.424166666667]",58.29.03,125.25.27,58.4841666666667,125.424166666667
98603101106,Республика Саха (Якутия),Алданский,Орочен 2-й,с,"[58.5452777777778,125.377777777778]",58.32.43,125.22.40,58.5452777777778,125.377777777778
98603105001,Республика Саха (Якутия),Алданский,Томмот,г,"[58.9594444444444,126.269722222222]",58.57.34,126.16.11,58.9594444444444,126.269722222222
98603407106,Республика Саха (Якутия),Алданский,Угоян,с,"[59.2536111111111,125.290555555556]",59.15.13,125.17.26,59.2536111111111,125.290555555556
98603105116,Республика Саха (Якутия),Алданский,Улу,с,"[60.315,127.431666666667]",60.18.54,127.25.54,60.315,127.431666666667
98603407101,Республика Саха (Якутия),Алданский,Хатыстыр,с,"[58.9230555555556,125.16]",58.55.23,125.09.36,58.9230555555556,125.16
98603460101,Республика Саха (Якутия),Алданский,Чагда,с,"[58.7494444444444,130.608333333333]",58.44.58,130.36.30,58.7494444444444,130.608333333333
98603105106,Республика Саха (Якутия),Алданский,Ыллымах,п,"[58.5791666666667,126.6875]",58.34.45,126.41.15,58.5791666666667,126.6875
98603170111,Республика Саха (Якутия),Алданский,Якокит,с,"[58.8975,125.8375]",58.53.51,125.50.15,58.8975,125.8375
98603161111,Республика Саха (Якутия),Алданский,Якокут,с,"[58.5283333333333,125.716388888889]",58.31.42,125.42.59,58.5283333333333,125.716388888889
98606476106,Республика Саха (Якутия),Аллаиховский,Воронцово,с,"[69.5758333333333,147.532777777778]",69.34.33,147.31.58,69.5758333333333,147.532777777778
98606437101,Республика Саха (Якутия),Аллаиховский,Нычалах,с,"[69.9338888888889,146.209722222222]",69.56.02,146.12.35,69.9338888888889,146.209722222222
98606745902,Республика Саха (Якутия),Аллаиховский,Ойотунг,с,"[70.6522222222222,148.682777777778]",70.39.08,148.40.58,70.6522222222222,148.682777777778
98606476101,Республика Саха (Якутия),Аллаиховский,Оленегорск,с,"[69.8113888888889,147.486388888889]",69.48.41,147.29.11,69.8113888888889,147.486388888889
98606450101,Республика Саха (Якутия),Аллаиховский,Русское Устье,с,"[71.1330555555556,149.278888888889]",71.07.59,149.16.44,71.1330555555556,149.278888888889
98606424101,Республика Саха (Якутия),Аллаиховский,Чкалов,с,"[70.5327777777778,144.7025]",70.31.58,144.42.09,70.5327777777778,144.7025
98606151051,Республика Саха (Якутия),Аллаиховский,Чокурдах,п,"[70.6194444444444,147.898333333333]",70.37.10,147.53.54,70.6194444444444,147.898333333333
98608405101,Республика Саха (Якутия),Амгинский,Абага,с,"[61.0430555555556,132.283333333333]",61.02.35,132.17.00,61.0430555555556,132.283333333333
98608414101,Республика Саха (Якутия),Амгинский,Алтанцы,с,"[61.4702777777778,131.501944444444]",61.28.13,131.30.07,61.4702777777778,131.501944444444
98608432101,Республика Саха (Якутия),Амгинский,Амга,с,"[60.8972222222222,131.980555555556]",60.53.50,131.58.50,60.8972222222222,131.980555555556
98608440101,Республика Саха (Якутия),Амгинский,Бетюнцы,с,"[60.9272222222222,132.150277777778]",60.55.38,132.09.01,60.9272222222222,132.150277777778
98608446101,Республика Саха (Якутия),Амгинский,Болугур,с,"[60.6025,131.473611111111]",60.36.09,131.28.25,60.6025,131.473611111111
98608452106,Республика Саха (Якутия),Амгинский,Булун,с,"[60.6861111111111,131.601111111111]",60.41.10,131.36.04,60.6861111111111,131.601111111111
98608429106,Республика Саха (Якутия),Амгинский,Ефремово,с,"[60.4797222222222,131.189722222222]",60.28.47,131.11.23,60.4797222222222,131.189722222222
98608460101,Республика Саха (Якутия),Амгинский,Михайловка,с,"[61.2136111111111,132.681111111111]",61.12.49,132.40.52,61.2136111111111,132.681111111111
98608455101,Республика Саха (Якутия),Амгинский,Мяндиги,с,"[61.1808333333333,132.551388888889]",61.10.51,132.33.05,61.1808333333333,132.551388888889
98608481106,Республика Саха (Якутия),Амгинский,Олом,с,"[61.2788888888889,130.877777777778]",61.16.44,130.52.40,61.2788888888889,130.877777777778
98608429101,Республика Саха (Якутия),Амгинский,Оннес,с,"[60.4613888888889,131.099444444444]",60.27.41,131.05.58,60.4613888888889,131.099444444444
98608452101,Республика Саха (Якутия),Амгинский,Покровка,с,"[60.7586111111111,131.781388888889]",60.45.31,131.46.53,60.7586111111111,131.781388888889
98608472106,Республика Саха (Якутия),Амгинский,Промкомбинат,с,"[60.9027777777778,132.031944444444]",60.54.10,132.01.55,60.9027777777778,132.031944444444
98608458101,Республика Саха (Якутия),Амгинский,Сатагай,с,"[61.5658333333333,131.529722222222]",61.33.57,131.31.47,61.5658333333333,131.529722222222
98608465101,Республика Саха (Якутия),Амгинский,Сулгаччы,с,"[61.5388888888889,132.901944444444]",61.32.20,132.54.07,61.5388888888889,132.901944444444
98608465106,Республика Саха (Якутия),Амгинский,Сэргэ-Бэс,с,"[61.4883333333333,132.891666666667]",61.29.18,132.53.30,61.4883333333333,132.891666666667
98608429111,Республика Саха (Якутия),Амгинский,Тегюльте,с,"[60.1586111111111,130.188611111111]",60.09.31,130.11.19,60.1586111111111,130.188611111111
98608440106,Республика Саха (Якутия),Амгинский,Уорай,с,"[60.9027777777778,132.197777777778]",60.54.10,132.11.52,60.9027777777778,132.197777777778
98608470101,Республика Саха (Якутия),Амгинский,Чакыр 2-й,с,"[60.8458333333333,131.838611111111]",60.50.45,131.50.19,60.8458333333333,131.838611111111
98608472101,Республика Саха (Якутия),Амгинский,Чапчылган,с,"[60.9133333333333,132.031111111111]",60.54.48,132.01.52,60.9133333333333,132.031111111111
98608481101,Республика Саха (Якутия),Амгинский,Эмиссы,с,"[61.3775,131.178611111111]",61.22.39,131.10.43,61.3775,131.178611111111
98610411101,Республика Саха (Якутия),Анабарский национальный,Саскылах,с,"[71.9652777777778,114.092222222222]",71.57.55,114.05.32,71.9652777777778,114.092222222222
98610411106,Республика Саха (Якутия),Анабарский национальный,Эбелях,с,"[70.8902777777778,113.506944444444]",70.53.25,113.30.25,70.8902777777778,113.506944444444
98610424101,Республика Саха (Якутия),Анабарский национальный,Юрюнг-Хая,с,"[72.8119444444444,113.232222222222]",72.48.43,113.13.56,72.8119444444444,113.232222222222
98612413101,Республика Саха (Якутия),Булунский,Быковский,с,"[72.0044444444444,129.109444444444]",72.00.16,129.06.34,72.0044444444444,129.109444444444
98612412101,Республика Саха (Якутия),Булунский,Кюсюр,с,"[70.6861111111111,127.361666666667]",70.41.10,127.21.42,70.6861111111111,127.361666666667
98612456101,Республика Саха (Якутия),Булунский,Найба,с,"[70.8494444444444,130.755]",70.50.58,130.45.18,70.8494444444444,130.755
98612407101,Республика Саха (Якутия),Булунский,Намы,с,"[69.5205555555556,132.228888888889]",69.31.14,132.13.44,69.5205555555556,132.228888888889
98612427101,Республика Саха (Якутия),Булунский,Сиктях,с,"[69.9116666666667,125.105]",69.54.42,125.06.18,69.9116666666667,125.105
98612445106,Республика Саха (Якутия),Булунский,Склад,с,"[71.9091666666667,123.5725]",71.54.33,123.34.21,71.9091666666667,123.5725
98612445101,Республика Саха (Якутия),Булунский,Таймылыр,с,"[72.6119444444444,121.911944444444]",72.36.43,121.54.43,72.6119444444444,121.911944444444
98612151051,Республика Саха (Якутия),Булунский,Тикси,п,"[71.6336111111111,128.865833333333]",71.38.01,128.51.57,71.6336111111111,128.865833333333
98612445111,Республика Саха (Якутия),Булунский,Усть-Оленек,с,"[72.9861111111111,119.818611111111]",72.59.10,119.49.07,72.9861111111111,119.818611111111
98612412106,Республика Саха (Якутия),Булунский,Чекуровка,с,"[71.0458333333333,127.523888888889]",71.02.45,127.31.26,71.0458333333333,127.523888888889
98614423101,Республика Саха (Якутия),Верхневилюйский,Андреевский,с,"[63.4363888888889,120.305]",63.26.11,120.18.18,63.4363888888889,120.305
98614467101,Республика Саха (Якутия),Верхневилюйский,Багадя,с,"[64.3308333333333,119.725833333333]",64.19.51,119.43.33,64.3308333333333,119.725833333333
98614402101,Республика Саха (Якутия),Верхневилюйский,Балаганнах,с,"[63.5308333333333,120.571944444444]",63.31.51,120.34.19,63.5308333333333,120.571944444444
98614405101,Республика Саха (Якутия),Верхневилюйский,Ботулу,с,"[64.1377777777778,119.768888888889]",64.08.16,119.46.08,64.1377777777778,119.768888888889
98614407101,Республика Саха (Якутия),Верхневилюйский,Быракан,с,"[63.0158333333333,121.230555555556]",63.00.57,121.13.50,63.0158333333333,121.230555555556
98614422106,Республика Саха (Якутия),Верхневилюйский,Быччагдан,с,"[63.9108333333333,120.062777777778]",63.54.39,120.03.46,63.9108333333333,120.062777777778
98614417106,Республика Саха (Якутия),Верхневилюйский,Бютейдях,с,"[63.7980555555556,120.495]",63.47.53,120.29.42,63.7980555555556,120.495
98614412101,Республика Саха (Якутия),Верхневилюйский,Верхневилюйск,с,"[63.4447222222222,120.319722222222]",63.26.41,120.19.11,63.4447222222222,120.319722222222
98614422101,Республика Саха (Якутия),Верхневилюйский,Далыр,с,"[63.8677777777778,120.2475]",63.52.04,120.14.51,63.8677777777778,120.2475
98614417101,Республика Саха (Якутия),Верхневилюйский,Дюллюкю,с,"[63.6877777777778,120.468888888889]",63.41.16,120.28.08,63.6877777777778,120.468888888889
98614467106,Республика Саха (Якутия),Верхневилюйский,Кенг-Кюель,с,"[64.425,119.755]",64.25.30,119.45.18,64.425,119.755
98614405106,Республика Саха (Якутия),Верхневилюйский,Кетердех,с,"[64.2522222222222,119.748888888889]",64.15.08,119.44.56,64.2522222222222,119.748888888889
98614423106,Республика Саха (Якутия),Верхневилюйский,Куду,с,"[63.2694444444444,120.449166666667]",63.16.10,120.26.57,63.2694444444444,120.449166666667
98614422111,Республика Саха (Якутия),Верхневилюйский,Кулусуннах,с,"[63.8077777777778,120.147222222222]",63.48.28,120.08.50,63.8077777777778,120.147222222222
98614406101,Республика Саха (Якутия),Верхневилюйский,Кырыкый,с,"[63.9561111111111,120.7125]",63.57.22,120.42.45,63.9561111111111,120.7125
98614478101,Республика Саха (Якутия),Верхневилюйский,Кюль,с,"[63.5441666666667,121.003888888889]",63.32.39,121.00.14,63.5441666666667,121.003888888889
98614450101,Республика Саха (Якутия),Верхневилюйский,Липпе-Атах,с,"[63.7172222222222,119.864444444444]",63.43.02,119.51.52,63.7172222222222,119.864444444444
98614440106,Республика Саха (Якутия),Верхневилюйский,Май,с,"[63.7927777777778,119.859166666667]",63.47.34,119.51.33,63.7927777777778,119.859166666667
98614455101,Республика Саха (Якутия),Верхневилюйский,Оргет,с,"[63.1483333333333,120.906111111111]",63.08.54,120.54.22,63.1483333333333,120.906111111111
98614460101,Республика Саха (Якутия),Верхневилюйский,Оросу,с,"[63.5016666666667,120.750833333333]",63.30.06,120.45.03,63.5016666666667,120.750833333333
98614440101,Республика Саха (Якутия),Верхневилюйский,Сайылык,с,"[63.8430555555556,120.063611111111]",63.50.35,120.03.49,63.8430555555556,120.063611111111
98614469101,Республика Саха (Якутия),Верхневилюйский,Тамалакан,с,"[63.5155555555556,120.838611111111]",63.30.56,120.50.19,63.5155555555556,120.838611111111
98614472101,Республика Саха (Якутия),Верхневилюйский,Туобуя,с,"[61.9786111111111,122.064166666667]",61.58.43,122.03.51,61.9786111111111,122.064166666667
98614436101,Республика Саха (Якутия),Верхневилюйский,Харбала,с,"[64.1116666666667,120.313055555556]",64.06.42,120.18.47,64.1116666666667,120.313055555556
98614429101,Республика Саха (Якутия),Верхневилюйский,Харыялах,с,"[63.4733333333333,120.154444444444]",63.28.24,120.09.16,63.4733333333333,120.154444444444
98614482101,Республика Саха (Якутия),Верхневилюйский,Хомустах,с,"[63.475,120.530555555556]",63.28.30,120.31.50,63.475,120.530555555556
98614486101,Республика Саха (Якутия),Верхневилюйский,Хоро,с,"[63.5358333333333,120.1875]",63.32.09,120.11.15,63.5358333333333,120.1875
98614436106,Республика Саха (Якутия),Верхневилюйский,Ченгере,с,"[64.1791666666667,120.192777777778]",64.10.45,120.11.34,64.1791666666667,120.192777777778
98615409101,Республика Саха (Якутия),Верхнеколымский,Верхнеколымск,с,"[65.7183333333333,150.833055555556]",65.43.06,150.49.59,65.7183333333333,150.833055555556
98615151051,Республика Саха (Якутия),Верхнеколымский,Зырянка,п,"[65.7344444444444,150.897777777778]",65.44.04,150.53.52,65.7344444444444,150.897777777778
98615414101,Республика Саха (Якутия),Верхнеколымский,Нелемное,с,"[65.4980555555556,151.078611111111]",65.29.53,151.04.43,65.4980555555556,151.078611111111
98615427101,Республика Саха (Якутия),Верхнеколымский,Угольное,с,"[65.7497222222222,149.747777777778]",65.44.59,149.44.52,65.7497222222222,149.747777777778
98615405101,Республика Саха (Якутия),Верхнеколымский,Усун-Кюель,с,"[66.345,150.51]",66.20.42,150.30.36,66.345,150.51
98615430101,Республика Саха (Якутия),Верхнеколымский,Утая,с,"[66.0683333333333,148.210277777778]",66.04.06,148.12.37,66.0683333333333,148.210277777778
98616404106,Республика Саха (Якутия),Верхоянский,Алысардах,с,"[67.4519444444445,135.508333333333]",67.27.07,135.30.30,67.4519444444445,135.508333333333
98616409101,Республика Саха (Якутия),Верхоянский,Бала,с,"[67.1797222222222,132.832777777778]",67.10.47,132.49.58,67.1797222222222,132.832777777778
98616412101,Республика Саха (Якутия),Верхоянский,Барылас,с,"[65.8947222222222,132.756944444444]",65.53.41,132.45.25,65.8947222222222,132.756944444444
98616151051,Республика Саха (Якутия),Верхоянский,Батагай,пгт,"[67.6536111111111,134.631944444444]",67.39.13,134.37.55,67.6536111111111,134.631944444444
98616404101,Республика Саха (Якутия),Верхоянский,Бетенкес,с,"[67.65,135.575]",67.39.00,135.34.30,67.65,135.575
98616477101,Республика Саха (Якутия),Верхоянский,Боронук,с,"[67.5783333333333,133.449444444444]",67.34.42,133.26.58,67.5783333333333,133.449444444444
98616103001,Республика Саха (Якутия),Верхоянский,Верхоянск,г,"[67.55,133.383333333333]",67.33.00,133.23.00,67.55,133.383333333333
98616477106,Республика Саха (Якутия),Верхоянский,Мачах,с,"[67.5555555555556,132.889722222222]",67.33.20,132.53.23,67.5555555555556,132.889722222222
98616409106,Республика Саха (Якутия),Верхоянский,Метяки,с,"[66.9255555555556,132.269166666667]",66.55.32,132.16.09,66.9255555555556,132.269166666667
98616464106,Республика Саха (Якутия),Верхоянский,Осохтох,с,"[69.1305555555556,134.308333333333]",69.07.50,134.18.30,69.1305555555556,134.308333333333
98616464101,Республика Саха (Якутия),Верхоянский,Сайды,с,"[68.6972222222222,134.464722222222]",68.41.50,134.27.53,68.6972222222222,134.464722222222
98616151106,Республика Саха (Якутия),Верхоянский,Сентачан,с,"[66.4627777777778,136.934722222222]",66.27.46,136.56.05,66.4627777777778,136.934722222222
98616445101,Республика Саха (Якутия),Верхоянский,Столбы,с,"[67.5316666666667,134.088055555556]",67.31.54,134.05.17,67.5316666666667,134.088055555556
98616448101,Республика Саха (Якутия),Верхоянский,Суордах,с,"[66.6766666666667,131.772777777778]",66.40.36,131.46.22,66.6766666666667,131.772777777778
98616442106,Республика Саха (Якутия),Верхоянский,Сысы-Мейите,с,"[66.7302777777778,132.595277777778]",66.43.49,132.35.43,66.7302777777778,132.595277777778
98616453106,Республика Саха (Якутия),Верхоянский,Тала,с,"[67.6155555555556,136.431388888889]",67.36.56,136.25.53,67.6155555555556,136.431388888889
98616414106,Республика Саха (Якутия),Верхоянский,Токума,с,"[67.0930555555556,134.320833333333]",67.05.35,134.19.15,67.0930555555556,134.320833333333
98616425101,Республика Саха (Якутия),Верхоянский,Томтор,с,"[67.2030555555556,132.138055555556]",67.12.11,132.08.17,67.2030555555556,132.138055555556
98616453101,Республика Саха (Якутия),Верхоянский,Улахан-Кюель,с,"[67.5411111111111,136.508055555556]",67.32.28,136.30.29,67.5411111111111,136.508055555556
98616151111,Республика Саха (Якутия),Верхоянский,Усть-Чаркы,с,"[66.7891666666667,136.666388888889]",66.47.21,136.39.59,66.7891666666667,136.666388888889
98616470101,Республика Саха (Якутия),Верхоянский,Хайысардах,с,"[67.9641666666667,134.7425]",67.57.51,134.44.33,67.9641666666667,134.7425
98616460101,Республика Саха (Якутия),Верхоянский,Черюмче,с,"[68.2291666666667,134.964444444444]",68.13.45,134.57.52,68.2291666666667,134.964444444444
98616488106,Республика Саха (Якутия),Верхоянский,Чолбон,с,"[67.7502777777778,134.6975]",67.45.01,134.41.51,67.7502777777778,134.6975
98616404111,Республика Саха (Якутия),Верхоянский,Энгя-Сайылыга,с,"[67.755,135.646944444444]",67.45.18,135.38.49,67.755,135.646944444444
98616156051,Республика Саха (Якутия),Верхоянский,Эсэ-Хайя,пгт,"[67.5436111111111,134.673611111111]",67.32.37,134.40.25,67.5436111111111,134.673611111111
98616442101,Республика Саха (Якутия),Верхоянский,Юнкюр,с,"[66.5572222222222,132.915833333333]",66.33.26,132.54.57,66.5572222222222,132.915833333333
98616488101,Республика Саха (Якутия),Верхоянский,Юттях,с,"[67.5997222222222,134.451666666667]",67.35.59,134.27.06,67.5997222222222,134.451666666667
98618408106,Республика Саха (Якутия),Вилюйский,Арылах,с,"[62.6786111111111,124.536388888889]",62.40.43,124.32.11,62.6786111111111,124.536388888889
98618449101,Республика Саха (Якутия),Вилюйский,Балагаччы,с,"[64.3894444444445,122.233055555556]",64.23.22,122.13.59,64.3894444444445,122.233055555556
98618412101,Республика Саха (Якутия),Вилюйский,Бетюнг,с,"[63.7069444444444,122.345833333333]",63.42.25,122.20.45,63.7069444444444,122.345833333333
98618101001,Республика Саха (Якутия),Вилюйский,Вилюйск,г,"[63.75,121.616666666667]",63.45.00,121.37.00,63.75,121.616666666667
98618418101,Республика Саха (Якутия),Вилюйский,Екюндю,с,"[63.7802777777778,122.152777777778]",63.46.49,122.09.10,63.7802777777778,122.152777777778
98618408101,Республика Саха (Якутия),Вилюйский,Илбенге,с,"[62.8311111111111,124.391666666667]",62.49.52,124.23.30,62.8311111111111,124.391666666667
98618458101,Республика Саха (Якутия),Вилюйский,Кирово,с,"[64.545,122.241944444444]",64.32.42,122.14.31,64.545,122.241944444444
98618153051,Республика Саха (Якутия),Вилюйский,Кысыл-Сыр,п,"[63.8941666666667,122.765833333333]",63.53.39,122.45.57,63.8941666666667,122.765833333333
98618474101,Республика Саха (Якутия),Вилюйский,Кюбяинде,с,"[64.6233333333333,120.175277777778]",64.37.24,120.10.31,64.6233333333333,120.175277777778
98618431101,Республика Саха (Якутия),Вилюйский,Кюлекянь,с,"[64.8316666666667,120.915277777778]",64.49.54,120.54.55,64.8316666666667,120.915277777778
98618470106,Республика Саха (Якутия),Вилюйский,Кюнде,с,"[63.6,121.36]",63.36.00,121.21.36,63.6,121.36
98618433101,Республика Саха (Якутия),Вилюйский,Лекечен,с,"[63.0613888888889,123.980555555556]",63.03.41,123.58.50,63.0613888888889,123.980555555556
98618426101,Республика Саха (Якутия),Вилюйский,Сатагай,с,"[64.4797222222222,122.707222222222]",64.28.47,122.42.26,64.4797222222222,122.707222222222
98618101106,Республика Саха (Якутия),Вилюйский,Сосновка,с,"[63.7638888888889,121.873888888889]",63.45.50,121.52.26,63.7638888888889,121.873888888889
98618462106,Республика Саха (Якутия),Вилюйский,Староватово,с,"[63.7836111111111,121.624444444444]",63.47.01,121.37.28,63.7836111111111,121.624444444444
98618470101,Республика Саха (Якутия),Вилюйский,Сыдыбыл,с,"[63.5963888888889,121.4775]",63.35.47,121.28.39,63.5963888888889,121.4775
98618445101,Республика Саха (Якутия),Вилюйский,Тасагар,с,"[63.7669444444444,122.686388888889]",63.46.01,122.41.11,63.7669444444444,122.686388888889
98618453101,Республика Саха (Якутия),Вилюйский,Тербяс,с,"[64.3730555555556,120.544722222222]",64.22.23,120.32.41,64.3730555555556,120.544722222222
98618462101,Республика Саха (Якутия),Вилюйский,Тосу,с,"[63.8777777777778,121.611666666667]",63.52.40,121.36.42,63.8777777777778,121.611666666667
98618435101,Республика Саха (Якутия),Вилюйский,Тымпы,с,"[63.8338888888889,123.381944444444]",63.50.02,123.22.55,63.8338888888889,123.381944444444
98618430101,Республика Саха (Якутия),Вилюйский,Усун,с,"[64.5183333333333,121.049166666667]",64.31.06,121.02.57,64.5183333333333,121.049166666667
98618404101,Республика Саха (Якутия),Вилюйский,Хампа,с,"[63.7430555555556,122.943888888889]",63.44.35,122.56.38,63.7430555555556,122.943888888889
98618416101,Республика Саха (Якутия),Вилюйский,Чай,с,"[63.8427777777778,123.545555555556]",63.50.34,123.32.44,63.8427777777778,123.545555555556
98618466101,Республика Саха (Якутия),Вилюйский,Чинеке,с,"[63.715,121.941111111111]",63.42.54,121.56.28,63.715,121.941111111111
98618420101,Республика Саха (Якутия),Вилюйский,Эбя,с,"[63.4886111111111,123.1775]",63.29.19,123.10.39,63.4886111111111,123.1775
98620417101,Республика Саха (Якутия),Горный,Асыма,с,"[62.3625,126.64]",62.21.45,126.38.24,62.3625,126.64
98620410101,Республика Саха (Якутия),Горный,Бердигестях,с,"[62.0947222222222,126.696666666667]",62.05.41,126.41.48,62.0947222222222,126.696666666667
98620405101,Республика Саха (Якутия),Горный,Бясь-Кюель,с,"[62.7672222222222,127.085]",62.46.02,127.05.06,62.7672222222222,127.085
98620440101,Республика Саха (Якутия),Горный,Дикимдя,с,"[61.8858333333333,126.528055555556]",61.53.09,126.31.41,61.8858333333333,126.528055555556
98620465101,Республика Саха (Якутия),Горный,Ерт,с,"[62.0194444444444,125.793888888889]",62.01.10,125.47.38,62.0194444444444,125.793888888889
98620433101,Республика Саха (Якутия),Горный,Кептин,с,"[62.3408333333333,124.449722222222]",62.20.27,124.26.59,62.3408333333333,124.449722222222
98620452101,Республика Саха (Якутия),Горный,Кюерелях,с,"[62.5711111111111,126.841944444444]",62.34.16,126.50.31,62.5711111111111,126.841944444444
98620449101,Республика Саха (Якутия),Горный,Магарас,с,"[62.1472222222222,128.061388888889]",62.08.50,128.03.41,62.1472222222222,128.061388888889
98620410106,Республика Саха (Якутия),Горный,Май,с,"[62.0261111111111,126.674166666667]",62.01.34,126.40.27,62.0261111111111,126.674166666667
98620426101,Республика Саха (Якутия),Горный,Орто-Сурт,с,"[62.5661111111111,125.122777777778]",62.33.58,125.07.22,62.5661111111111,125.122777777778
98620433106,Республика Саха (Якутия),Горный,Тонгулах,с,"[61.9583333333333,124.529444444444]",61.57.30,124.31.46,61.9583333333333,124.529444444444
98620433111,Республика Саха (Якутия),Горный,Тысагаччы,с,"[62.3297222222222,124.636666666667]",62.19.47,124.38.12,62.3297222222222,124.636666666667
98620449106,Республика Саха (Якутия),Горный,Улу-Сысы,с,"[62.6891666666667,128.438333333333]",62.41.21,128.26.18,62.6891666666667,128.438333333333
98620449111,Республика Саха (Якутия),Горный,Харыялах,с,"[62.1069444444444,128.366944444444]",62.06.25,128.22.01,62.1069444444444,128.366944444444
98620417106,Республика Саха (Якутия),Горный,Чекя-Бясь,с,"[62.2380555555556,126.660555555556]",62.14.17,126.39.38,62.2380555555556,126.660555555556
98620440106,Республика Саха (Якутия),Горный,Эбя,с,"[61.8677777777778,126.6525]",61.52.04,126.39.09,61.8677777777778,126.6525
98701000146,Республика Саха (Якутия),Город Якутск,Владимировка,с,"[61.8941666666667,129.519722222222]",61.53.39,129.31.11,61.8941666666667,129.519722222222
98702000051,Республика Саха (Якутия),Город Якутск,Жатай,п,"[62.1658333333333,129.8375]",62.09.57,129.50.15,62.1658333333333,129.8375
98701000001,Республика Саха (Якутия),Город Якутск,Кангалассы,мкр,"[62.3488888888889,129.968611111111]",62.20.56,129.58.07,62.3488888888889,129.968611111111
98701000126,Республика Саха (Якутия),Город Якутск,Капитоновка,с,"[62.3266666666667,129.941111111111]",62.19.36,129.56.28,62.3266666666667,129.941111111111
98701000131,Республика Саха (Якутия),Город Якутск,Кильдямцы,с,"[62.28,129.81]",62.16.48,129.48.36,62.28,129.81
98701000106,Республика Саха (Якутия),Город Якутск,Маган,с,"[62.1,129.533333333333]",62.06.00,129.32.00,62.1,129.533333333333
98701000151,Республика Саха (Якутия),Город Якутск,Пригородный,с,"[61.9727777777778,129.688888888889]",61.58.22,129.41.20,61.9727777777778,129.688888888889
98701000111,Республика Саха (Якутия),Город Якутск,Старая Табага,с,"[61.8197222222222,129.637777777778]",61.49.11,129.38.16,61.8197222222222,129.637777777778
98701000136,Республика Саха (Якутия),Город Якутск,Сырдах,с,"[62.22,129.84]",62.13.12,129.50.24,62.22,129.84
98701000116,Республика Саха (Якутия),Город Якутск,Табага,с,"[61.855,129.596388888889]",61.51.18,129.35.47,61.855,129.596388888889
98701000121,Республика Саха (Якутия),Город Якутск,Тулагино,с,"[62.255,129.878611111111]",62.15.18,129.52.43,62.255,129.878611111111
98701000141,Республика Саха (Якутия),Город Якутск,Хатассы,с,"[61.9061111111111,129.636388888889]",61.54.22,129.38.11,61.9061111111111,129.636388888889
98622422101,Республика Саха (Якутия),Жиганский национальный эвенкийский,Баханай,с,"[66.0166666666667,123.654722222222]",66.01.00,123.39.17,66.0166666666667,123.654722222222
98622405101,Республика Саха (Якутия),Жиганский национальный эвенкийский,Бестях,с,"[65.2838888888889,124.128055555556]",65.17.02,124.07.41,65.2838888888889,124.128055555556
98622710,Республика Саха (Якутия),Жиганский национальный эвенкийский,Джарджан,с,"[68.7319444444445,124.019722222222]",68.43.55,124.01.11,68.7319444444445,124.019722222222
98622410101,Республика Саха (Якутия),Жиганский национальный эвенкийский,Жиганск,с,"[66.7675,123.374166666667]",66.46.03,123.22.27,66.7675,123.374166666667
98622417101,Республика Саха (Якутия),Жиганский национальный эвенкийский,Кыстатыам,с,"[67.3213888888889,123.344166666667]",67.19.17,123.20.39,67.3213888888889,123.344166666667
98624151106,Республика Саха (Якутия),Кобяйский,Авиапорт,с,"[63.9563888888889,127.443611111111]",63.57.23,127.26.37,63.9563888888889,127.443611111111
98624424101,Республика Саха (Якутия),Кобяйский,Аргас,с,"[63.9633333333333,126.621944444444]",63.57.48,126.37.19,63.9633333333333,126.621944444444
98624405101,Республика Саха (Якутия),Кобяйский,Арыктах,с,"[63.5677777777778,125.236666666667]",63.34.04,125.14.12,63.5677777777778,125.236666666667
98624434106,Республика Саха (Якутия),Кобяйский,Арылах,с,"[63.7627777777778,123.962222222222]",63.45.46,123.57.44,63.7627777777778,123.962222222222
98624434101,Республика Саха (Якутия),Кобяйский,Багадя,с,"[63.7133333333333,123.775555555556]",63.42.48,123.46.32,63.7133333333333,123.775555555556
98624414106,Республика Саха (Якутия),Кобяйский,Батамай,с,"[63.5247222222222,129.418611111111]",63.31.29,129.25.07,63.5247222222222,129.418611111111
98624435106,Республика Саха (Якутия),Кобяйский,Быранатталах,с,"[63.6808333333333,124.4025]",63.40.51,124.24.09,63.6808333333333,124.4025
98624424106,Республика Саха (Якутия),Кобяйский,Кальвица,с,"[63.9388888888889,127.025]",63.56.20,127.01.30,63.9388888888889,127.025
98624419101,Республика Саха (Якутия),Кобяйский,Кобяй,с,"[63.5761111111111,126.495833333333]",63.34.34,126.29.45,63.5761111111111,126.495833333333
98624405106,Республика Саха (Якутия),Кобяйский,Люксюгюн,с,"[63.7183333333333,124.975]",63.43.06,124.58.30,63.7183333333333,124.975
98624435101,Республика Саха (Якутия),Кобяйский,Мастах,с,"[63.7219444444444,124.191666666667]",63.43.19,124.11.30,63.7219444444444,124.191666666667
98624435111,Республика Саха (Якутия),Кобяйский,Мастах 2-й,с,"[63.7433333333333,124.221666666667]",63.44.36,124.13.18,63.7433333333333,124.221666666667
98624419106,Республика Саха (Якутия),Кобяйский,Ойун-Унгуохтах,с,"[63.8336111111111,126.556111111111]",63.50.01,126.33.22,63.8336111111111,126.556111111111
98624419111,Республика Саха (Якутия),Кобяйский,Сага,с,"[63.7336111111111,126.445]",63.44.01,126.26.42,63.7336111111111,126.445
98624440101,Республика Саха (Якутия),Кобяйский,Сайылык,с,"[63.8563888888889,123.843888888889]",63.51.23,123.50.38,63.8563888888889,123.843888888889
98624151051,Республика Саха (Якутия),Кобяйский,Сангар,пгт,"[63.9194444444444,127.485833333333]",63.55.10,127.29.09,63.9194444444444,127.485833333333
98624429101,Республика Саха (Якутия),Кобяйский,Себян-Кюель,с,"[65.2886111111111,130.008055555556]",65.17.19,130.00.29,65.2886111111111,130.008055555556
98624414101,Республика Саха (Якутия),Кобяйский,Сегян-Кюель,с,"[64.0030555555556,130.309444444444]",64.00.11,130.18.34,64.0030555555556,130.309444444444
98624450101,Республика Саха (Якутия),Кобяйский,Ситте,с,"[63.4883333333333,128.035277777778]",63.29.18,128.02.07,63.4883333333333,128.035277777778
98624151111,Республика Саха (Якутия),Кобяйский,Смородичный,с,"[63.89,127.52]",63.53.24,127.31.12,63.89,127.52
98624455101,Республика Саха (Якутия),Кобяйский,Тыайа,с,"[63.6894444444444,125.964722222222]",63.41.22,125.57.53,63.6894444444444,125.964722222222
98624405111,Республика Саха (Якутия),Кобяйский,Хатырык-Хомо,с,"[63.9516666666667,124.826666666667]",63.57.06,124.49.36,63.9516666666667,124.826666666667
98624445101,Республика Саха (Якутия),Кобяйский,Чагда,с,"[63.3777777777778,125.513333333333]",63.22.40,125.30.48,63.3777777777778,125.513333333333
98627440106,Республика Саха (Якутия),Ленский,Алысардах,с,"[59.5077777777778,111.971388888889]",59.30.28,111.58.17,59.5077777777778,111.971388888889
98627436106,Республика Саха (Якутия),Ленский,Батамай,с,"[60.7533333333333,115.3225]",60.45.12,115.19.21,60.7533333333333,115.3225
98627405101,Республика Саха (Якутия),Ленский,Беченча,с,"[60.9613888888889,115.470555555556]",60.57.41,115.28.14,60.9613888888889,115.470555555556
98627153051,Республика Саха (Якутия),Ленский,Витим,п,"[59.4380555555556,112.560277777778]",59.26.17,112.33.37,59.4380555555556,112.560277777778
98627420106,Республика Саха (Якутия),Ленский,Дорожный,с,"[61.4458333333333,114.358888888889]",61.26.45,114.21.32,61.4458333333333,114.358888888889
98627440111,Республика Саха (Якутия),Ленский,Иннялы,с,"[59.5172222222222,111.211111111111]",59.31.02,111.12.40,59.5172222222222,111.211111111111
98627157106,Республика Саха (Якутия),Ленский,Крестовский Лесоучасток,с,"[59.7758333333333,113.281388888889]",59.46.33,113.16.53,59.7758333333333,113.281388888889
98627101001,Республика Саха (Якутия),Ленский,Ленск,г,"[60.7244444444444,114.928333333333]",60.43.28,114.55.42,60.7244444444444,114.928333333333
98627436101,Республика Саха (Якутия),Ленский,Мурья,с,"[60.7333333333333,115.290833333333]",60.44.00,115.17.27,60.7333333333333,115.290833333333
98627428101,Республика Саха (Якутия),Ленский,Натора,с,"[60.5375,116.103333333333]",60.32.15,116.06.12,60.5375,116.103333333333
98627430101,Республика Саха (Якутия),Ленский,Нюя,с,"[60.5355555555556,116.220555555556]",60.32.08,116.13.14,60.5355555555556,116.220555555556
98627420101,Республика Саха (Якутия),Ленский,Нюя Северная,с,"[60.8988888888889,114.818055555556]",60.53.56,114.49.05,60.8988888888889,114.818055555556
98627433101,Республика Саха (Якутия),Ленский,Орто-Нахара,с,"[60.8236111111111,114.324166666667]",60.49.25,114.19.27,60.8236111111111,114.324166666667
98627157051,Республика Саха (Якутия),Ленский,Пеледуй,п,"[59.6266666666667,112.750555555556]",59.37.36,112.45.02,59.6266666666667,112.750555555556
98627440101,Республика Саха (Якутия),Ленский,Толон,с,"[59.4577777777778,111.535833333333]",59.27.28,111.32.09,59.4577777777778,111.535833333333
98627430106,Республика Саха (Якутия),Ленский,Турукта,с,"[60.4794444444444,116.521666666667]",60.28.46,116.31.18,60.4794444444444,116.521666666667
98627449106,Республика Саха (Якутия),Ленский,Хамра,с,"[60.2225,114.126388888889]",60.13.21,114.07.35,60.2225,114.126388888889
98627433106,Республика Саха (Якутия),Ленский,Чамча,с,"[60.8483333333333,114.698333333333]",60.50.54,114.41.54,60.8483333333333,114.698333333333
98627449101,Республика Саха (Якутия),Ленский,Ярославский,с,"[60.1566666666667,113.933055555556]",60.09.24,113.55.59,60.1566666666667,113.933055555556
98629420101,Республика Саха (Якутия),Мегино-Кангаласский,Балыктах,с,"[62.2563888888889,130.723055555556]",62.15.23,130.43.23,62.2563888888889,130.723055555556
98629406101,Республика Саха (Якутия),Мегино-Кангаласский,Бедеме,с,"[62.0041666666667,130.541944444444]",62.00.15,130.32.31,62.0041666666667,130.541944444444
98629410106,Республика Саха (Якутия),Мегино-Кангаласский,Беджелек,с,"[61.9641666666667,130.168055555556]",61.57.51,130.10.05,61.9641666666667,130.168055555556
98629425101,Республика Саха (Якутия),Мегино-Кангаласский,Беке,с,"[61.785,130.372777777778]",61.47.06,130.22.22,61.785,130.372777777778
98629464101,Республика Саха (Якутия),Мегино-Кангаласский,Бырама,с,"[61.4794444444444,130.946666666667]",61.28.46,130.56.48,61.4794444444444,130.946666666667
98629409101,Республика Саха (Якутия),Мегино-Кангаласский,Бютейдях,с,"[61.6288888888889,131.366666666667]",61.37.44,131.22.00,61.6288888888889,131.366666666667
98629465101,Республика Саха (Якутия),Мегино-Кангаласский,Даркылах,с,"[60.9730555555556,130.371944444444]",60.58.23,130.22.19,60.9730555555556,130.371944444444
98629402101,Республика Саха (Якутия),Мегино-Кангаласский,Елечей,с,"[61.7041666666667,131.270555555556]",61.42.15,131.16.14,61.7041666666667,131.270555555556
98629413106,Республика Саха (Якутия),Мегино-Кангаласский,Кердюген,с,"[62.3391666666667,130.131388888889]",62.20.21,130.07.53,62.3391666666667,130.131388888889
98629450101,Республика Саха (Якутия),Мегино-Кангаласский,Ломтука,с,"[61.6383333333333,130.089166666667]",61.38.18,130.05.21,61.6383333333333,130.089166666667
98629415101,Республика Саха (Якутия),Мегино-Кангаласский,Майя,с,"[61.7433333333333,130.275833333333]",61.44.36,130.16.33,61.7433333333333,130.275833333333
98629407101,Республика Саха (Якутия),Мегино-Кангаласский,Матта,с,"[62.3583333333333,130.659444444444]",62.21.30,130.39.34,62.3583333333333,130.659444444444
98629155051,Республика Саха (Якутия),Мегино-Кангаласский,Нижний Бестях,п,"[61.9619444444444,129.912222222222]",61.57.43,129.54.44,61.9619444444444,129.912222222222
98629408101,Республика Саха (Якутия),Мегино-Кангаласский,Нуорагана,с,"[62.1544444444444,131.072222222222]",62.09.16,131.04.20,62.1544444444444,131.072222222222
98629445101,Республика Саха (Якутия),Мегино-Кангаласский,Павловск,с,"[61.8716666666667,129.838055555556]",61.52.18,129.50.17,61.8716666666667,129.838055555556
98629462101,Республика Саха (Якутия),Мегино-Кангаласский,Петровка,с,"[61.7269444444444,130.259166666667]",61.43.37,130.15.33,61.7269444444444,130.259166666667
98629447101,Республика Саха (Якутия),Мегино-Кангаласский,Рассолода,с,"[61.6730555555556,129.648611111111]",61.40.23,129.38.55,61.6730555555556,129.648611111111
98629425106,Республика Саха (Якутия),Мегино-Кангаласский,Сото,с,"[61.8019444444444,130.518055555556]",61.48.07,130.31.05,61.8019444444444,130.518055555556
98629436101,Республика Саха (Якутия),Мегино-Кангаласский,Суола,с,"[61.7272222222222,131.03]",61.43.38,131.01.48,61.7272222222222,131.03
98629405101,Республика Саха (Якутия),Мегино-Кангаласский,Сымах,с,"[61.9263888888889,130.946388888889]",61.55.35,130.56.47,61.9263888888889,130.946388888889
98629448101,Республика Саха (Якутия),Мегино-Кангаласский,Табага,с,"[61.6675,130.941666666667]",61.40.03,130.56.30,61.6675,130.941666666667
98629403101,Республика Саха (Якутия),Мегино-Кангаласский,Тарат,с,"[62.2225,130.6875]",62.13.21,130.41.15,62.2225,130.6875
98629410101,Республика Саха (Якутия),Мегино-Кангаласский,Тектюр,с,"[62.1088888888889,130.029444444444]",62.06.32,130.01.46,62.1088888888889,130.029444444444
98629449101,Республика Саха (Якутия),Мегино-Кангаласский,Телиги,с,"[61.3830555555556,130.695]",61.22.59,130.41.42,61.3830555555556,130.695
98629451101,Республика Саха (Якутия),Мегино-Кангаласский,Томтор,с,"[62.1483333333333,130.049444444444]",62.08.54,130.02.58,62.1483333333333,130.049444444444
98629411101,Республика Саха (Якутия),Мегино-Кангаласский,Тумул,с,"[62.1883333333333,130.674444444444]",62.11.18,130.40.28,62.1883333333333,130.674444444444
98629455101,Республика Саха (Якутия),Мегино-Кангаласский,Тюнгюлю,с,"[62.1975,130.710555555556]",62.11.51,130.42.38,62.1975,130.710555555556
98629460101,Республика Саха (Якутия),Мегино-Кангаласский,Хаптагай,с,"[61.7858333333333,129.790833333333]",61.47.09,129.47.27,61.7858333333333,129.790833333333
98629413101,Республика Саха (Якутия),Мегино-Кангаласский,Хапчагай,с,"[62.3755555555556,130.140277777778]",62.22.32,130.08.25,62.3755555555556,130.140277777778
98629430106,Республика Саха (Якутия),Мегино-Кангаласский,Харба-Атах,с,"[61.7752777777778,130.809444444444]",61.46.31,130.48.34,61.7752777777778,130.809444444444
98629452101,Республика Саха (Якутия),Мегино-Кангаласский,Хатылыма,с,"[61.5425,129.886111111111]",61.32.33,129.53.10,61.5425,129.886111111111
98629445106,Республика Саха (Якутия),Мегино-Кангаласский,Хомустах,с,"[61.84,129.860277777778]",61.50.24,129.51.37,61.84,129.860277777778
98629430101,Республика Саха (Якутия),Мегино-Кангаласский,Хоробут,с,"[61.8355555555556,130.756111111111]",61.50.08,130.45.22,61.8355555555556,130.756111111111
98629440101,Республика Саха (Якутия),Мегино-Кангаласский,Хочо,с,"[61.5669444444444,130.740833333333]",61.34.01,130.44.27,61.5669444444444,130.740833333333
98629463101,Республика Саха (Якутия),Мегино-Кангаласский,Чюйя,с,"[61.7275,130.3675]",61.43.39,130.22.03,61.7275,130.3675
98631152051,Республика Саха (Якутия),Мирнинский,Айхал,п,"[65.9427777777778,111.495277777778]",65.56.34,111.29.43,65.9427777777778,111.495277777778
98631155051,Республика Саха (Якутия),Мирнинский,Алмазный,п,"[62.4502777777778,114.321944444444]",62.27.01,114.19.19,62.4502777777778,114.321944444444
98631450101,Республика Саха (Якутия),Мирнинский,Арылах,с,"[62.38,114.343055555556]",62.22.48,114.20.35,62.38,114.343055555556
98631155106,Республика Саха (Якутия),Мирнинский,Березовка,с,"[62.4486111111111,114.1175]",62.26.55,114.07.03,62.4486111111111,114.1175
98631450106,Республика Саха (Якутия),Мирнинский,Заря,п,"[62.105,114.189166666667]",62.06.18,114.11.21,62.105,114.189166666667
98631101001,Республика Саха (Якутия),Мирнинский,Мирный,г,"[62.5425,113.984166666667]",62.32.33,113.59.03,62.5425,113.984166666667
98631152106,Республика Саха (Якутия),Мирнинский,Моркока,с,"[64.6080555555556,112.5225]",64.36.29,112.31.21,64.6080555555556,112.5225
98631155111,Республика Саха (Якутия),Мирнинский,Новый,п,"[62.4208333333333,114.357777777778]",62.25.15,114.21.28,62.4208333333333,114.357777777778
98631109106,Республика Саха (Якутия),Мирнинский,Полярный,с,"[66.41,112.12]",66.24.36,112.07.12,66.41,112.12
98631157051,Республика Саха (Якутия),Мирнинский,Светлый,п,"[63.0508333333333,113.428611111111]",63.03.03,113.25.43,63.0508333333333,113.428611111111
98631428101,Республика Саха (Якутия),Мирнинский,Сюльдюкар,с,"[63.2283333333333,113.721388888889]",63.13.42,113.43.17,63.2283333333333,113.721388888889
98631404101,Республика Саха (Якутия),Мирнинский,Тас-Юрях,с,"[61.7863888888889,113.023611111111]",61.47.11,113.01.25,61.7863888888889,113.023611111111
98631109001,Республика Саха (Якутия),Мирнинский,Удачный,г,"[66.4086111111111,112.298888888889]",66.24.31,112.17.56,66.4086111111111,112.298888888889
98631162051,Республика Саха (Якутия),Мирнинский,Чернышевский,п,"[63.0166666666667,112.461944444444]",63.01.00,112.27.43,63.0166666666667,112.461944444444
98633414101,Республика Саха (Якутия),Момский национальный,Буор-Сысы,с,"[66.4886111111111,143.049166666667]",66.29.19,143.02.57,66.4886111111111,143.049166666667
98633405101,Республика Саха (Якутия),Момский национальный,Кулун-Елбют,с,"[66.7925,142.735833333333]",66.47.33,142.44.09,66.7925,142.735833333333
98633435101,Республика Саха (Якутия),Момский национальный,Сасыр,с,"[65.1622222222222,147.082222222222]",65.09.44,147.04.56,65.1622222222222,147.082222222222
98633428101,Республика Саха (Якутия),Момский национальный,Соболох,с,"[66.2530555555556,143.313333333333]",66.15.11,143.18.48,66.2530555555556,143.313333333333
98633423106,Республика Саха (Якутия),Момский национальный,Суон-Тит,с,"[66.4319444444444,143.252777777778]",66.25.55,143.15.10,66.4319444444444,143.252777777778
98633423101,Республика Саха (Якутия),Момский национальный,Хонуу,с,"[66.455,143.219722222222]",66.27.18,143.13.11,66.455,143.219722222222
98633430101,Республика Саха (Якутия),Момский национальный,Чумпу-Кытыл,с,"[65.3711111111111,143.150555555556]",65.22.16,143.09.02,65.3711111111111,143.150555555556
98635455101,Республика Саха (Якутия),Намский,Аппаны,с,"[62.7594444444444,129.651111111111]",62.45.34,129.39.04,62.7594444444444,129.651111111111
98635445101,Республика Саха (Якутия),Намский,Булус,с,"[63.3052777777778,129.456388888889]",63.18.19,129.27.23,63.3052777777778,129.456388888889
98635410101,Республика Саха (Якутия),Намский,Бютяй-Юрдя,с,"[62.8272222222222,129.601111111111]",62.49.38,129.36.04,62.8272222222222,129.601111111111
98635466106,Республика Саха (Якутия),Намский,Воин,с,"[62.6247222222222,129.959166666667]",62.37.29,129.57.33,62.6247222222222,129.959166666667
98635455106,Республика Саха (Якутия),Намский,Графский Берег,с,"[62.7747222222222,129.689722222222]",62.46.29,129.41.23,62.7747222222222,129.689722222222
98635443101,Республика Саха (Якутия),Намский,Ергелех,с,"[62.5827777777778,128.868333333333]",62.34.58,128.52.06,62.5827777777778,128.868333333333
98635450101,Республика Саха (Якутия),Намский,Крест-Кытыл,с,"[62.6647222222222,129.703611111111]",62.39.53,129.42.13,62.6647222222222,129.703611111111
98635455111,Республика Саха (Якутия),Намский,Кысыл-Деревня,с,"[62.7830555555556,129.642222222222]",62.46.59,129.38.32,62.7830555555556,129.642222222222
98635465101,Республика Саха (Якутия),Намский,Кысыл-Сыр,с,"[62.5377777777778,129.761944444444]",62.32.16,129.45.43,62.5377777777778,129.761944444444
98635417101,Республика Саха (Якутия),Намский,Кюренг-Ат,с,"[62.7338888888889,129.23]",62.44.02,129.13.48,62.7338888888889,129.23
98635470101,Республика Саха (Якутия),Намский,Маймага,с,"[63.0438888888889,129.519166666667]",63.02.38,129.31.09,63.0438888888889,129.519166666667
98635425101,Республика Саха (Якутия),Намский,Намцы,с,"[62.7186111111111,129.665]",62.43.07,129.39.54,62.7186111111111,129.665
98635432101,Республика Саха (Якутия),Намский,Никольский,с,"[62.6288888888889,129.713055555556]",62.37.44,129.42.47,62.6288888888889,129.713055555556
98635435101,Республика Саха (Якутия),Намский,Партизан,с,"[62.5861111111111,129.771111111111]",62.35.10,129.46.16,62.5861111111111,129.771111111111
98635460101,Республика Саха (Якутия),Намский,Столбы,с,"[62.9977777777778,129.528333333333]",62.59.52,129.31.42,62.9977777777778,129.528333333333
98635405101,Республика Саха (Якутия),Намский,Сыгыннах,с,"[63.3677777777778,129.657777777778]",63.22.04,129.39.28,63.3677777777778,129.657777777778
98635466111,Республика Саха (Якутия),Намский,Тарагай-Бясь,с,"[62.6613888888889,129.942777777778]",62.39.41,129.56.34,62.6613888888889,129.942777777778
98635430101,Республика Саха (Якутия),Намский,Тумул,с,"[62.9025,129.559722222222]",62.54.09,129.33.35,62.9025,129.559722222222
98635447101,Республика Саха (Якутия),Намский,Фрунзе,с,"[63.0755555555556,129.728611111111]",63.04.32,129.43.43,63.0755555555556,129.728611111111
98635420101,Республика Саха (Якутия),Намский,Харыялах,с,"[62.1408333333333,129.736111111111]",62.08.27,129.44.10,62.1408333333333,129.736111111111
98635466101,Республика Саха (Якутия),Намский,Хатас,с,"[62.6805555555556,129.911944444444]",62.40.50,129.54.43,62.6805555555556,129.911944444444
98635440101,Республика Саха (Якутия),Намский,Хонгор-Бие,с,"[62.8430555555556,128.462222222222]",62.50.35,128.27.44,62.8430555555556,128.462222222222
98635415101,Республика Саха (Якутия),Намский,Ымыяхтах,с,"[62.4561111111111,129.885277777778]",62.27.22,129.53.07,62.4561111111111,129.885277777778
98635466116,Республика Саха (Якутия),Намский,Юнер-Олох,с,"[62.7575,129.855277777778]",62.45.27,129.51.19,62.7575,129.855277777778
98660152051,Республика Саха (Якутия),Нерюнгринский,Беркакит,п,"[56.5766666666667,124.775833333333]",56.34.36,124.46.33,56.5766666666667,124.775833333333
98660165106,Республика Саха (Якутия),Нерюнгринский,Большой Хатыми,с,"[57.3797222222222,124.896666666667]",57.22.47,124.53.48,57.3797222222222,124.896666666667
98660154051,Республика Саха (Якутия),Нерюнгринский,Золотинка,п,"[56.1811111111111,124.8625]",56.10.52,124.51.45,56.1811111111111,124.8625
98660405101,Республика Саха (Якутия),Нерюнгринский,Иенгра,с,"[56.2225,124.848888888889]",56.13.21,124.50.56,56.2225,124.848888888889
98660154056,Республика Саха (Якутия),Нерюнгринский,Нагорный,п,"[55.9472222222222,124.9175]",55.56.50,124.55.03,55.9472222222222,124.9175
98660101001,Республика Саха (Якутия),Нерюнгринский,Нерюнгри,г,"[56.6611111111111,124.718888888889]",56.39.40,124.43.08,56.6611111111111,124.718888888889
98660158051,Республика Саха (Якутия),Нерюнгринский,Серебряный Бор,п,"[56.6744444444444,124.836388888889]",56.40.28,124.50.11,56.6744444444444,124.836388888889
98660164051,Республика Саха (Якутия),Нерюнгринский,Хани,п,"[56.9186111111111,119.972222222222]",56.55.07,119.58.20,56.9186111111111,119.972222222222
98660165051,Республика Саха (Якутия),Нерюнгринский,Чульман,п,"[56.8713888888889,124.892777777778]",56.52.17,124.53.34,56.8713888888889,124.892777777778
98637424106,Республика Саха (Якутия),Нижнеколымский,Амбарчик,с,"[69.6261111111111,162.304722222222]",69.37.34,162.18.17,69.6261111111111,162.304722222222
98637411101,Республика Саха (Якутия),Нижнеколымский,Андрюшкино,с,"[69.1725,154.445]",69.10.21,154.26.42,69.1725,154.445
98637424111,Республика Саха (Якутия),Нижнеколымский,Две Виски,с,"[68.3558333333333,160.768333333333]",68.21.21,160.46.06,68.3558333333333,160.768333333333
98637424116,Республика Саха (Якутия),Нижнеколымский,Ермолово,с,"[68.4836111111111,160.491944444444]",68.29.01,160.29.31,68.4836111111111,160.491944444444
98637437101,Республика Саха (Якутия),Нижнеколымский,Колымское,с,"[68.7277777777778,158.703611111111]",68.43.40,158.42.13,68.7277777777778,158.703611111111
98637424121,Республика Саха (Якутия),Нижнеколымский,Крестовая,с,"[70.7152777777778,159.435833333333]",70.42.55,159.26.09,70.7152777777778,159.435833333333
98637424126,Республика Саха (Якутия),Нижнеколымский,Михалкино,с,"[69.4169444444444,161.512222222222]",69.25.01,161.30.44,69.4169444444444,161.512222222222
98637424131,Республика Саха (Якутия),Нижнеколымский,Нижнеколымск,с,"[68.5316666666667,160.926666666667]",68.31.54,160.55.36,68.5316666666667,160.926666666667
98637424101,Республика Саха (Якутия),Нижнеколымский,Походск,с,"[69.0794444444444,160.969444444444]",69.04.46,160.58.10,69.0794444444444,160.969444444444
98637424136,Республика Саха (Якутия),Нижнеколымский,Тимкино,с,"[68.5147222222222,160.121666666667]",68.30.53,160.07.18,68.5147222222222,160.121666666667
98637151051,Республика Саха (Якутия),Нижнеколымский,Черский,п,"[68.7519444444444,161.33]",68.45.07,161.19.48,68.7519444444444,161.33
98637424141,Республика Саха (Якутия),Нижнеколымский,Чукочья,с,"[70.1027777777778,159.613333333333]",70.06.10,159.36.48,70.1027777777778,159.613333333333
98626405101,Республика Саха (Якутия),Нюрбинский,Акана,с,"[63.5969444444444,119.093888888889]",63.35.49,119.05.38,63.5969444444444,119.093888888889
98626445101,Республика Саха (Якутия),Нюрбинский,Антоновка,с,"[63.2861111111111,118.400555555556]",63.17.10,118.24.02,63.2861111111111,118.400555555556
98626425106,Республика Саха (Якутия),Нюрбинский,Арангастах,с,"[63.1883333333333,117.876111111111]",63.11.18,117.52.34,63.1883333333333,117.876111111111
98626430101,Республика Саха (Якутия),Нюрбинский,Бысыттах,с,"[63.5777777777778,117.453333333333]",63.34.40,117.27.12,63.5777777777778,117.453333333333
98626413101,Республика Саха (Якутия),Нюрбинский,Дикимдя,с,"[63.3833333333333,118.341944444444]",63.23.00,118.20.31,63.3833333333333,118.341944444444
98626414101,Республика Саха (Якутия),Нюрбинский,Едей,с,"[63.6013888888889,119.440277777778]",63.36.05,119.26.25,63.6013888888889,119.440277777778
98626415101,Республика Саха (Якутия),Нюрбинский,Жархан,с,"[63.5186111111111,118.822777777778]",63.31.07,118.49.22,63.5186111111111,118.822777777778
98626455106,Республика Саха (Якутия),Нюрбинский,Киров,с,"[63.5844444444444,118.690833333333]",63.35.04,118.41.27,63.5844444444444,118.690833333333
98626425101,Республика Саха (Якутия),Нюрбинский,Кюндяде,с,"[63.2183333333333,118.144166666667]",63.13.06,118.08.39,63.2183333333333,118.144166666667
98626410101,Республика Саха (Якутия),Нюрбинский,Малыкай,с,"[63.5061111111111,117.033888888889]",63.30.22,117.02.02,63.5061111111111,117.033888888889
98626460101,Республика Саха (Якутия),Нюрбинский,Мар,с,"[63.5202777777778,118.988055555556]",63.31.13,118.59.17,63.5202777777778,118.988055555556
98626445106,Республика Саха (Якутия),Нюрбинский,Нефтебаза,с,"[63.2725,118.464444444444]",63.16.21,118.27.52,63.2725,118.464444444444
98626101001,Республика Саха (Якутия),Нюрбинский,Нюрба,г,"[63.2825,118.340833333333]",63.16.57,118.20.27,63.2825,118.340833333333
98626450101,Республика Саха (Якутия),Нюрбинский,Нюрбачан,с,"[63.3347222222222,118.108055555556]",63.20.05,118.06.29,63.3347222222222,118.108055555556
98626465101,Республика Саха (Якутия),Нюрбинский,Сайылык,с,"[63.9897222222222,118.647222222222]",63.59.23,118.38.50,63.9897222222222,118.647222222222
98626470106,Республика Саха (Якутия),Нюрбинский,Салтаны,с,"[63.3605555555556,118.72]",63.21.38,118.43.12,63.3605555555556,118.72
98626452101,Республика Саха (Якутия),Нюрбинский,Сюля,с,"[63.3341666666667,118.288611111111]",63.20.03,118.17.19,63.3341666666667,118.288611111111
98626440101,Республика Саха (Якутия),Нюрбинский,Хаты,с,"[63.6258333333333,116.673888888889]",63.37.33,116.40.26,63.6258333333333,116.673888888889
98626455101,Республика Саха (Якутия),Нюрбинский,Хатын-Сысы,с,"[63.5919444444444,118.845555555556]",63.35.31,118.50.44,63.5919444444444,118.845555555556
98626470101,Республика Саха (Якутия),Нюрбинский,Чаппанда,с,"[63.4211111111111,118.613888888889]",63.25.16,118.36.50,63.4211111111111,118.613888888889
98626405106,Республика Саха (Якутия),Нюрбинский,Чкалов,с,"[63.6983333333333,119.264722222222]",63.41.54,119.15.53,63.6983333333333,119.264722222222
98626475101,Республика Саха (Якутия),Нюрбинский,Чукар,с,"[63.7475,117.968611111111]",63.44.51,117.58.07,63.7475,117.968611111111
98626420101,Республика Саха (Якутия),Нюрбинский,Ынахсыт,с,"[63.5686111111111,119.205]",63.34.07,119.12.18,63.5686111111111,119.205
98626435101,Республика Саха (Якутия),Нюрбинский,Энгольжа,с,"[63.6586111111111,118.275833333333]",63.39.31,118.16.33,63.6586111111111,118.275833333333
98639410106,Республика Саха (Якутия),Оймяконский,Агаякан,с,"[63.3355555555556,141.731388888889]",63.20.08,141.43.53,63.3355555555556,141.731388888889
98639153051,Республика Саха (Якутия),Оймяконский,Артык,п,"[64.1805555555556,145.130833333333]",64.10.50,145.07.51,64.1805555555556,145.130833333333
98639410111,Республика Саха (Якутия),Оймяконский,Аэропорт,с,"[63.2452777777778,143.182777777778]",63.14.43,143.10.58,63.2452777777778,143.182777777778
98639405106,Республика Саха (Якутия),Оймяконский,Берег-Юрдя,с,"[63.4541666666667,142.896666666667]",63.27.15,142.53.48,63.4541666666667,142.896666666667
98639153106,Республика Саха (Якутия),Оймяконский,Делянкир,с,"[63.8377777777778,145.603611111111]",63.50.16,145.36.13,63.8377777777778,145.603611111111
98639410116,Республика Саха (Якутия),Оймяконский,Куйдусун,с,"[63.2591666666667,143.248333333333]",63.15.33,143.14.54,63.2591666666667,143.248333333333
98639427106,Республика Саха (Якутия),Оймяконский,Куранах-Сала,с,"[63.1402777777778,144.442777777778]",63.08.25,144.26.34,63.1402777777778,144.442777777778
98639445106,Республика Саха (Якутия),Оймяконский,Кюбеме,с,"[63.4280555555556,140.600277777778]",63.25.41,140.36.01,63.4280555555556,140.600277777778
98639405101,Республика Саха (Якутия),Оймяконский,Оймякон,с,"[63.4636111111111,142.786666666667]",63.27.49,142.47.12,63.4636111111111,142.786666666667
98639427101,Республика Саха (Якутия),Оймяконский,Орто-Балаган,с,"[63.1627777777778,144.018055555556]",63.09.46,144.01.05,63.1627777777778,144.018055555556
98639432101,Республика Саха (Якутия),Оймяконский,Терют,с,"[64.2472222222222,142.079166666667]",64.14.50,142.04.45,64.2472222222222,142.079166666667
98639410101,Республика Саха (Якутия),Оймяконский,Томтор,с,"[63.2636111111111,143.210277777778]",63.15.49,143.12.37,63.2636111111111,143.210277777778
98639151051,Республика Саха (Якутия),Оймяконский,Усть-Нера,пгт,"[64.5708333333333,143.239722222222]",64.34.15,143.14.23,64.5708333333333,143.239722222222
98639405111,Республика Саха (Якутия),Оймяконский,Хара-Тумул,с,"[63.4755555555556,142.730555555556]",63.28.32,142.43.50,63.4755555555556,142.730555555556
98639445101,Республика Саха (Якутия),Оймяконский,Ючюгей,с,"[63.3025,142.167777777778]",63.18.09,142.10.04,63.3025,142.167777777778
98641405101,Республика Саха (Якутия),Олёкминский,Абага,с,"[60.3233333333333,120.018333333333]",60.19.24,120.01.06,60.3233333333333,120.018333333333
98641405106,Республика Саха (Якутия),Олёкминский,Абага Центральная,с,"[60.3094444444444,119.986388888889]",60.18.34,119.59.11,60.3094444444444,119.986388888889
98641101106,Республика Саха (Якутия),Олёкминский,Авиапорт,с,"[60.3963888888889,120.466111111111]",60.23.47,120.27.58,60.3963888888889,120.466111111111
98641460106,Республика Саха (Якутия),Олёкминский,Алексеевка,с,"[60.4333333333333,124.270277777778]",60.25.60,124.16.13,60.4333333333333,124.270277777778
98641485106,Республика Саха (Якутия),Олёкминский,Балаганнах,с,"[60.6505555555556,121.177222222222]",60.39.02,121.10.38,60.6505555555556,121.177222222222
98641450106,Республика Саха (Якутия),Олёкминский,Бердинка,с,"[60.2794444444444,119.946388888889]",60.16.46,119.56.47,60.2794444444444,119.946388888889
98641445106,Республика Саха (Якутия),Олёкминский,Бирюк,с,"[60.2602777777778,119.646666666667]",60.15.37,119.38.48,60.2602777777778,119.646666666667
98641490101,Республика Саха (Якутия),Олёкминский,Бясь-Кюель,с,"[59.4741666666667,119.302777777778]",59.28.27,119.18.10,59.4741666666667,119.302777777778
98641410101,Республика Саха (Якутия),Олёкминский,Дабан,с,"[60.1222222222222,119.205555555556]",60.07.20,119.12.20,60.1222222222222,119.205555555556
98641430106,Республика Саха (Якутия),Олёкминский,Даппарай,с,"[60.1877777777778,119.936944444444]",60.11.16,119.56.13,60.1877777777778,119.936944444444
98641415101,Республика Саха (Якутия),Олёкминский,Дельгей,с,"[59.9061111111111,118.602777777778]",59.54.22,118.36.10,59.9061111111111,118.602777777778
98641425106,Республика Саха (Якутия),Олёкминский,Дикимдя,с,"[59.0355555555556,121.765277777778]",59.02.08,121.45.55,59.0355555555556,121.765277777778
98641420106,Республика Саха (Якутия),Олёкминский,Жархан,с,"[59.9872222222222,119.7925]",59.59.14,119.47.33,59.9872222222222,119.7925
98641493101,Республика Саха (Якутия),Олёкминский,Заречный,с,"[60.345,120.440833333333]",60.20.42,120.26.27,60.345,120.440833333333
98641101111,Республика Саха (Якутия),Олёкминский,Затон Лорпа,с,"[60.3869444444444,120.339444444444]",60.23.13,120.20.22,60.3869444444444,120.339444444444
98641415106,Республика Саха (Якутия),Олёкминский,Иннях,с,"[59.7925,118.460277777778]",59.47.33,118.27.37,59.7925,118.460277777778
98641434106,Республика Саха (Якутия),Олёкминский,Килиер,с,"[61.0213888888889,119.104444444444]",61.01.17,119.06.16,61.0213888888889,119.104444444444
98641410106,Республика Саха (Якутия),Олёкминский,Кочегарово,с,"[59.9380555555556,118.895]",59.56.17,118.53.42,59.9380555555556,118.895
98641445111,Республика Саха (Якутия),Олёкминский,Куду-Бясь,с,"[60.2294444444444,119.6425]",60.13.46,119.38.33,60.2294444444444,119.6425
98641425101,Республика Саха (Якутия),Олёкминский,Куду-Кюель,с,"[59.4391666666667,121.310277777778]",59.26.21,121.18.37,59.4391666666667,121.310277777778
98641435106,Республика Саха (Якутия),Олёкминский,Куранда,с,"[60.4055555555556,120.231944444444]",60.24.20,120.13.55,60.4055555555556,120.231944444444
98641434101,Республика Саха (Якутия),Олёкминский,Кяччи,с,"[60.3505555555556,120.084722222222]",60.21.02,120.05.05,60.3505555555556,120.084722222222
98641460111,Республика Саха (Якутия),Олёкминский,Малыкан,с,"[60.6847222222222,124.7325]",60.41.05,124.43.57,60.6847222222222,124.7325
98641460116,Республика Саха (Якутия),Олёкминский,Марха,с,"[60.6,123.289166666667]",60.36.00,123.17.21,60.6,123.289166666667
98641440101,Республика Саха (Якутия),Олёкминский,Мача,с,"[59.9044444444444,117.588055555556]",59.54.16,117.35.17,59.9044444444444,117.588055555556
98641485111,Республика Саха (Якутия),Олёкминский,Мекимдя,с,"[60.7980555555556,120.97]",60.47.53,120.58.12,60.7980555555556,120.97
98641445101,Республика Саха (Якутия),Олёкминский,Нерюктяйинск 1-й,с,"[60.2591666666667,119.669444444444]",60.15.33,119.40.10,60.2591666666667,119.669444444444
98641450101,Республика Саха (Якутия),Олёкминский,Нерюктяйинск 2-й,с,"[60.2588888888889,119.889444444444]",60.15.32,119.53.22,60.2588888888889,119.889444444444
98641101116,Республика Саха (Якутия),Олёкминский,Нефтебаза,с,"[60.3772222222222,120.601388888889]",60.22.38,120.36.05,60.3772222222222,120.601388888889
98641101001,Республика Саха (Якутия),Олёкминский,Олекминск,г,"[60.3752777777778,120.428888888889]",60.22.31,120.25.44,60.3752777777778,120.428888888889
98641453101,Республика Саха (Якутия),Олёкминский,Олекминское,с,"[60.3855555555556,120.181666666667]",60.23.08,120.10.54,60.3855555555556,120.181666666667
98641434111,Республика Саха (Якутия),Олёкминский,Олом,с,"[60.7363888888889,119.47]",60.44.11,119.28.12,60.7363888888889,119.47
98641460101,Республика Саха (Якутия),Олёкминский,Саныяхтах,с,"[60.5861111111111,124.069444444444]",60.35.10,124.04.10,60.5861111111111,124.069444444444
98641101121,Республика Саха (Якутия),Олёкминский,Селиваново,с,"[60.3822222222222,120.523888888889]",60.22.56,120.31.26,60.3822222222222,120.523888888889
98641465101,Республика Саха (Якутия),Олёкминский,Солянка,с,"[60.4738888888889,120.725277777778]",60.28.26,120.43.31,60.4738888888889,120.725277777778
98641445116,Республика Саха (Якутия),Олёкминский,Таас-Анна,с,"[60.2591666666667,119.723611111111]",60.15.33,119.43.25,60.2591666666667,119.723611111111
98641487106,Республика Саха (Якутия),Олёкминский,Тинная,с,"[60.3561111111111,116.971111111111]",60.21.22,116.58.16,60.3561111111111,116.971111111111
98641420101,Республика Саха (Якутия),Олёкминский,Токко,с,"[59.9802777777778,119.833888888889]",59.58.49,119.50.02,59.9802777777778,119.833888888889
98641475056,Республика Саха (Якутия),Олёкминский,Торго,п,"[58.4563888888889,119.528888888889]",58.27.23,119.31.44,58.4563888888889,119.528888888889
98641470101,Республика Саха (Якутия),Олёкминский,Троицк,с,"[60.3513888888889,120.671666666667]",60.21.05,120.40.18,60.3513888888889,120.671666666667
98641434116,Республика Саха (Якутия),Олёкминский,Тэгэн,с,"[61.0230555555556,119.285]",61.01.23,119.17.06,61.0230555555556,119.285
98641435111,Республика Саха (Якутия),Олёкминский,Тюбя,с,"[60.4586111111111,120.348611111111]",60.27.31,120.20.55,60.4586111111111,120.348611111111
98641475101,Республика Саха (Якутия),Олёкминский,Тяня,с,"[59.0555555555556,119.795277777778]",59.03.20,119.47.43,59.0555555555556,119.795277777778
98641477101,Республика Саха (Якутия),Олёкминский,Улахан-Мунгку,с,"[60.4191666666667,120.175555555556]",60.25.09,120.10.32,60.4191666666667,120.175555555556
98641420111,Республика Саха (Якутия),Олёкминский,Уолбут,с,"[59.9683333333333,119.899722222222]",59.58.06,119.53.59,59.9683333333333,119.899722222222
98641480101,Республика Саха (Якутия),Олёкминский,Урицкое,с,"[60.5597222222222,122.390277777778]",60.33.35,122.23.25,60.5597222222222,122.390277777778
98641465106,Республика Саха (Якутия),Олёкминский,Харыялах,с,"[60.6711111111111,120.793333333333]",60.40.16,120.47.36,60.6711111111111,120.793333333333
98641480106,Республика Саха (Якутия),Олёкминский,Хатынг-Тумул,с,"[60.5872222222222,122.898333333333]",60.35.14,122.53.54,60.5872222222222,122.898333333333
98641450111,Республика Саха (Якутия),Олёкминский,Холго,с,"[60.2983333333333,119.98]",60.17.54,119.58.48,60.2983333333333,119.98
98641485101,Республика Саха (Якутия),Олёкминский,Хоринцы,с,"[60.6652777777778,121.442777777778]",60.39.55,121.26.34,60.6652777777778,121.442777777778
98641487101,Республика Саха (Якутия),Олёкминский,Чапаево,с,"[60.1283333333333,117.121111111111]",60.07.42,117.07.16,60.1283333333333,117.121111111111
98641410111,Республика Саха (Якутия),Олёкминский,Черендей,с,"[60.2166666666667,119.348055555556]",60.13.00,119.20.53,60.2166666666667,119.348055555556
98641435101,Республика Саха (Якутия),Олёкминский,Юнкюр,с,"[60.3986111111111,120.300833333333]",60.23.55,120.18.03,60.3986111111111,120.300833333333
98642411,Республика Саха (Якутия),Оленёкский национальный эвенкийский,Жилинда,с,"[70.1394444444445,113.988055555556]",70.08.22,113.59.17,70.1394444444445,113.988055555556
98642437,Республика Саха (Якутия),Оленёкский национальный эвенкийский,Оленек,с,"[68.5025,112.447222222222]",68.30.09,112.26.50,68.5025,112.447222222222
98642424101,Республика Саха (Якутия),Оленёкский национальный эвенкийский,Харыялах,с,"[68.4977777777778,112.410555555556]",68.29.52,112.24.38,68.4977777777778,112.410555555556
98642450,Республика Саха (Якутия),Оленёкский национальный эвенкийский,Эйик,с,"[66.035,117.403055555556]",66.02.06,117.24.11,66.035,117.403055555556
98646420101,Республика Саха (Якутия),Среднеколымский,Алеко-Кюель,с,"[68.6780555555556,151.876666666667]",68.40.41,151.52.36,68.6780555555556,151.876666666667
98646405101,Республика Саха (Якутия),Среднеколымский,Аргахтах,с,"[68.4427777777778,153.376111111111]",68.26.34,153.22.34,68.4427777777778,153.376111111111
98646415101,Республика Саха (Якутия),Среднеколымский,Березовка,с,"[67.1319444444444,156.583055555556]",67.07.55,156.34.59,67.1319444444444,156.583055555556
98646101106,Республика Саха (Якутия),Среднеколымский,Лобуя,с,"[67.4877777777778,154.031944444444]",67.29.16,154.01.55,67.4877777777778,154.031944444444
98646410101,Республика Саха (Якутия),Среднеколымский,Налимск,с,"[67.5841666666667,153.645]",67.35.03,153.38.42,67.5841666666667,153.645
98646442101,Республика Саха (Якутия),Среднеколымский,Ойусардах,с,"[68.2769444444444,154.708611111111]",68.16.37,154.42.31,68.2769444444444,154.708611111111
98646442106,Республика Саха (Якутия),Среднеколымский,Роман,с,"[68.4852777777778,155.126388888889]",68.29.07,155.07.35,68.4852777777778,155.126388888889
98646436101,Республика Саха (Якутия),Среднеколымский,Сватай,с,"[68.0586111111111,151.802222222222]",68.03.31,151.48.08,68.0586111111111,151.802222222222
98646420106,Республика Саха (Якутия),Среднеколымский,Соянги,с,"[68.8702777777778,150.304722222222]",68.52.13,150.18.17,68.8702777777778,150.304722222222
98646101001,Республика Саха (Якутия),Среднеколымский,Среднеколымск,г,"[67.4591666666667,153.711388888889]",67.27.33,153.42.41,67.4591666666667,153.711388888889
98646436106,Республика Саха (Якутия),Среднеколымский,Суччино,с,"[68.2461111111111,152.382777777778]",68.14.46,152.22.58,68.2461111111111,152.382777777778
98646435101,Республика Саха (Якутия),Среднеколымский,Сылгы-Ытар,с,"[67.8513888888889,154.8175]",67.51.05,154.49.03,67.8513888888889,154.8175
98646415106,Республика Саха (Якутия),Среднеколымский,Уродан,с,"[66.655,152.499722222222]",66.39.18,152.29.59,66.655,152.499722222222
98646448101,Республика Саха (Якутия),Среднеколымский,Хатынгнах,с,"[67.4930555555556,152.603611111111]",67.29.35,152.36.13,67.4930555555556,152.603611111111
98646422101,Республика Саха (Якутия),Среднеколымский,Эбях,с,"[68.3944444444444,150.75]",68.23.40,150.44.60,68.3944444444444,150.75
98648465101,Республика Саха (Якутия),Сунтарский,Агдары,с,"[61.9983333333333,117.4775]",61.59.54,117.28.39,61.9983333333333,117.4775
98648404101,Республика Саха (Якутия),Сунтарский,Аллага,с,"[62.2286111111111,117.05]",62.13.43,117.03.00,62.2286111111111,117.05
98648420101,Республика Саха (Якутия),Сунтарский,Арылах,с,"[62.3719444444444,116.640833333333]",62.22.19,116.38.27,62.3719444444444,116.640833333333
98648475106,Республика Саха (Якутия),Сунтарский,Бордон 3-й,с,"[62.6391666666667,117.37]",62.38.21,117.22.12,62.6391666666667,117.37
98648470111,Республика Саха (Якутия),Сунтарский,Бясь-Шея,с,"[62.8327777777778,117.535555555556]",62.49.58,117.32.08,62.8327777777778,117.535555555556
98648422101,Республика Саха (Якутия),Сунтарский,Илимнир,с,"[62.0255555555556,117.423055555556]",62.01.32,117.25.23,62.0255555555556,117.423055555556
98648425101,Республика Саха (Якутия),Сунтарский,Кемпендяй,с,"[62.0311111111111,118.639722222222]",62.01.52,118.38.23,62.0311111111111,118.639722222222
98648470106,Республика Саха (Якутия),Сунтарский,Комсомол,с,"[62.9027777777778,117.619722222222]",62.54.10,117.37.11,62.9027777777778,117.619722222222
98648430101,Республика Саха (Якутия),Сунтарский,Крестях,с,"[62.2516666666667,116.171111111111]",62.15.06,116.10.16,62.2516666666667,116.171111111111
98648435101,Республика Саха (Якутия),Сунтарский,Куокуну,с,"[62.0930555555556,116.2225]",62.05.35,116.13.21,62.0930555555556,116.2225
98648440101,Республика Саха (Якутия),Сунтарский,Кутана,с,"[62.7147222222222,117.571944444444]",62.42.53,117.34.19,62.7147222222222,117.571944444444
98648443101,Республика Саха (Якутия),Сунтарский,Кюкей,с,"[62.7677777777778,117.7225]",62.46.04,117.43.21,62.7677777777778,117.7225
98648445101,Республика Саха (Якутия),Сунтарский,Кюндяе,с,"[62.3455555555556,117.701666666667]",62.20.44,117.42.06,62.3455555555556,117.701666666667
98648450101,Республика Саха (Якутия),Сунтарский,Мар-Кюель,с,"[62.3969444444444,117.011111111111]",62.23.49,117.00.40,62.3969444444444,117.011111111111
98648462106,Республика Саха (Якутия),Сунтарский,Миляке,с,"[63.0625,116.412777777778]",63.03.45,116.24.46,63.0625,116.412777777778
98648452101,Республика Саха (Якутия),Сунтарский,Нахара,с,"[62.4655555555556,115.719444444444]",62.27.56,115.43.10,62.4655555555556,115.719444444444
98648463106,Республика Саха (Якутия),Сунтарский,Нерюктяй,с,"[62.8013888888889,117.424722222222]",62.48.05,117.25.29,62.8013888888889,117.424722222222
98648415106,Республика Саха (Якутия),Сунтарский,Оюсут,с,"[62.8183333333333,115.211388888889]",62.49.06,115.12.41,62.8183333333333,115.211388888889
98648410101,Республика Саха (Якутия),Сунтарский,Сарданга,с,"[61.9286111111111,117.165]",61.55.43,117.09.54,61.9286111111111,117.165
98648455101,Республика Саха (Якутия),Сунтарский,Сунтар,с,"[62.16,117.643888888889]",62.09.36,117.38.38,62.16,117.643888888889
98648457101,Республика Саха (Якутия),Сунтарский,Тенкя,с,"[61.9983333333333,116.561666666667]",61.59.54,116.33.42,61.9983333333333,116.561666666667
98648460101,Республика Саха (Якутия),Сунтарский,Тойбохой,с,"[62.1858333333333,116.75]",62.11.09,116.45.00,62.1858333333333,116.75
98648459101,Республика Саха (Якутия),Сунтарский,Толон,с,"[62.0105555555556,117.483333333333]",62.00.38,117.29.00,62.0105555555556,117.483333333333
98648440106,Республика Саха (Якутия),Сунтарский,Тумул,с,"[62.7230555555556,117.749444444444]",62.43.23,117.44.58,62.7230555555556,117.749444444444
98648461101,Республика Саха (Якутия),Сунтарский,Туойдах,с,"[62.0197222222222,117.720277777778]",62.01.11,117.43.13,62.0197222222222,117.720277777778
98648463101,Республика Саха (Якутия),Сунтарский,Тюбяй,с,"[62.8811111111111,117.473055555556]",62.52.52,117.28.23,62.8811111111111,117.473055555556
98648480101,Республика Саха (Якутия),Сунтарский,Устье,с,"[62.165,117.733055555556]",62.09.54,117.43.59,62.165,117.733055555556
98648405101,Республика Саха (Якутия),Сунтарский,Усун-Кюель,с,"[62.2858333333333,116.864166666667]",62.17.09,116.51.51,62.2858333333333,116.864166666667
98648445111,Республика Саха (Якутия),Сунтарский,Харыялах,с,"[62.4255555555556,117.854444444444]",62.25.32,117.51.16,62.4255555555556,117.854444444444
98648415101,Республика Саха (Якутия),Сунтарский,Хордогой,с,"[62.6063888888889,115.678333333333]",62.36.23,115.40.42,62.6063888888889,115.678333333333
98648466101,Республика Саха (Якутия),Сунтарский,Хоро,с,"[62.5533333333333,117.807222222222]",62.33.12,117.48.26,62.5533333333333,117.807222222222
98648425106,Республика Саха (Якутия),Сунтарский,Чайыгда,с,"[62.2561111111111,119.743888888889]",62.15.22,119.44.38,62.2561111111111,119.743888888889
98648470101,Республика Саха (Якутия),Сунтарский,Шея,с,"[62.8588888888889,117.549444444444]",62.51.32,117.32.58,62.8588888888889,117.549444444444
98648462111,Республика Саха (Якутия),Сунтарский,Ыгыатта,с,"[62.9738888888889,117.487222222222]",62.58.26,117.29.14,62.9738888888889,117.487222222222
98648465111,Республика Саха (Якутия),Сунтарский,Эйикяр,с,"[61.8841666666667,117.501944444444]",61.53.03,117.30.07,61.8841666666667,117.501944444444
98648475101,Республика Саха (Якутия),Сунтарский,Эльгяй,с,"[62.4855555555556,117.510833333333]",62.29.08,117.30.39,62.4855555555556,117.510833333333
98648445106,Республика Саха (Якутия),Сунтарский,Эльгян,с,"[62.4016666666667,117.540833333333]",62.24.06,117.32.27,62.4016666666667,117.540833333333
98604420101,Республика Саха (Якутия),Таттинский,Боробул,с,"[62.2797222222222,133.494166666667]",62.16.47,133.29.39,62.2797222222222,133.494166666667
98604405101,Республика Саха (Якутия),Таттинский,Булун,с,"[63.0166666666667,133.470833333333]",63.01.00,133.28.15,63.0166666666667,133.470833333333
98604418101,Республика Саха (Якутия),Таттинский,Дайа-Амгата,с,"[61.9091666666667,133.611388888889]",61.54.33,133.36.41,61.9091666666667,133.611388888889
98604420106,Республика Саха (Якутия),Таттинский,Даккы,с,"[62.4755555555556,133.631666666667]",62.28.32,133.37.54,62.4755555555556,133.631666666667
98604430101,Республика Саха (Якутия),Таттинский,Дебдирге,с,"[62.4108333333333,132.874722222222]",62.24.39,132.52.29,62.4108333333333,132.874722222222
98604450101,Республика Саха (Якутия),Таттинский,Кыйы,с,"[62.1161111111111,133.025833333333]",62.06.58,133.01.33,62.1161111111111,133.025833333333
98604415101,Республика Саха (Якутия),Таттинский,Томтор,с,"[62.6552777777778,132.927777777778]",62.39.19,132.55.40,62.6552777777778,132.927777777778
98604425101,Республика Саха (Якутия),Таттинский,Туора-Кюель,с,"[62.3319444444444,132.942777777778]",62.19.55,132.56.34,62.3319444444444,132.942777777778
98604455101,Республика Саха (Якутия),Таттинский,Уолба,с,"[62.6325,133.593611111111]",62.37.57,133.35.37,62.6325,133.593611111111
98604465101,Республика Саха (Якутия),Таттинский,Хара-Алдан,с,"[63.2608333333333,133.225277777778]",63.15.39,133.13.31,63.2608333333333,133.225277777778
98604440101,Республика Саха (Якутия),Таттинский,Харбалах,с,"[62.1975,134.249722222222]",62.11.51,134.14.59,62.1975,134.249722222222
98604435101,Республика Саха (Якутия),Таттинский,Черкех,с,"[62.1847222222222,133.224444444444]",62.11.05,133.13.28,62.1847222222222,133.224444444444
98604460101,Республика Саха (Якутия),Таттинский,Чымнайи,с,"[62.2466666666667,134.538055555556]",62.14.48,134.32.17,62.2466666666667,134.538055555556
98604410101,Республика Саха (Якутия),Таттинский,Чычымах,с,"[62.1222222222222,134.345]",62.07.20,134.20.42,62.1222222222222,134.345
98604445101,Республика Саха (Якутия),Таттинский,Ытык-Кюель,с,"[62.3602777777778,133.543611111111]",62.21.37,133.32.37,62.3602777777778,133.543611111111
98650405106,Республика Саха (Якутия),Томпонский,Ары-Толон,с,"[62.8519444444444,134.292777777778]",62.51.07,134.17.34,62.8519444444444,134.292777777778
98650433106,Республика Саха (Якутия),Томпонский,Аэропорт,с,"[62.7861111111111,136.846944444444]",62.47.10,136.50.49,62.7861111111111,136.846944444444
98650152051,Республика Саха (Якутия),Томпонский,Джебарики-Хая,п,"[62.2169444444444,135.859444444444]",62.13.01,135.51.34,62.2169444444444,135.859444444444
98650430101,Республика Саха (Якутия),Томпонский,Кескил,с,"[62.6516666666667,135.007777777778]",62.39.06,135.00.28,62.6516666666667,135.007777777778
98650405101,Республика Саха (Якутия),Томпонский,Крест-Хальджай,с,"[62.8133333333333,134.512222222222]",62.48.48,134.30.44,62.8133333333333,134.512222222222
98650415101,Республика Саха (Якутия),Томпонский,Мегино-Алдан,с,"[62.6994444444444,134.613611111111]",62.41.58,134.36.49,62.6994444444444,134.613611111111
98650440101,Республика Саха (Якутия),Томпонский,Новый,с,"[62.5883333333333,135.527222222222]",62.35.18,135.31.38,62.5883333333333,135.527222222222
98650425101,Республика Саха (Якутия),Томпонский,Охотский-Перевоз,с,"[61.8775,135.527777777778]",61.52.39,135.31.40,61.8775,135.527777777778
98650433111,Республика Саха (Якутия),Томпонский,Развилка,с,"[63.0463888888889,138.157777777778]",63.02.47,138.09.28,63.0463888888889,138.157777777778
98650440106,Республика Саха (Якутия),Томпонский,Сайды,с,"[62.6016666666667,135.468888888889]",62.36.06,135.28.08,62.6016666666667,135.468888888889
98650433101,Республика Саха (Якутия),Томпонский,Теплый Ключ,с,"[62.7816666666667,136.809444444444]",62.46.54,136.48.34,62.7816666666667,136.809444444444
98650435101,Республика Саха (Якутия),Томпонский,Тополиное,с,"[64.0733333333333,135.963055555556]",64.04.24,135.57.47,64.0733333333333,135.963055555556
98650405111,Республика Саха (Якутия),Томпонский,Ударник,с,"[62.9302777777778,134.463611111111]",62.55.49,134.27.49,62.9302777777778,134.463611111111
98650151051,Республика Саха (Якутия),Томпонский,Хандыга,п,"[62.6533333333333,135.559166666667]",62.39.12,135.33.33,62.6533333333333,135.559166666667
98652455106,Республика Саха (Якутия),Усть-Алданский,Арылах,с,"[62.45,130.94]",62.27.00,130.56.24,62.45,130.94
98652415106,Республика Саха (Якутия),Усть-Алданский,Ары-Тит,с,"[62.5102777777778,130.045833333333]",62.30.37,130.02.45,62.5102777777778,130.045833333333
98652435106,Республика Саха (Якутия),Усть-Алданский,Балаганнах,с,"[62.3930555555556,131.838333333333]",62.23.35,131.50.18,62.3930555555556,131.838333333333
98652450101,Республика Саха (Якутия),Усть-Алданский,Балыктах,с,"[63.0833333333333,130.4125]",63.05.00,130.24.45,63.0833333333333,130.4125
98652455101,Республика Саха (Якутия),Усть-Алданский,Бейдинга,с,"[62.3961111111111,130.861388888889]",62.23.46,130.51.41,62.3961111111111,130.861388888889
98652445101,Республика Саха (Якутия),Усть-Алданский,Борогонцы,с,"[62.6713888888889,131.173333333333]",62.40.17,131.10.24,62.6713888888889,131.173333333333
98652430106,Республика Саха (Якутия),Усть-Алданский,Бяди,с,"[63.1277777777778,130.719444444444]",63.07.40,130.43.10,63.1277777777778,130.719444444444
98652425101,Республика Саха (Якутия),Усть-Алданский,Бярийе,с,"[62.8877777777778,131.913611111111]",62.53.16,131.54.49,62.8877777777778,131.913611111111
98652440106,Республика Саха (Якутия),Усть-Алданский,Далы,с,"[62.7366666666667,130.485833333333]",62.44.12,130.29.09,62.7366666666667,130.485833333333
98652465101,Республика Саха (Якутия),Усть-Алданский,Дыгдал,с,"[63.3044444444444,130.379166666667]",63.18.16,130.22.45,63.3044444444444,130.379166666667
98652430101,Республика Саха (Якутия),Усть-Алданский,Дюпся,с,"[63.0227777777778,130.725833333333]",63.01.22,130.43.33,63.0227777777778,130.725833333333
98652440101,Республика Саха (Якутия),Усть-Алданский,Кептени,с,"[62.7947222222222,130.752777777778]",62.47.41,130.45.10,62.7947222222222,130.752777777778
98652475101,Республика Саха (Якутия),Усть-Алданский,Кылайы,с,"[63.2283333333333,132.12]",63.13.42,132.07.12,63.2283333333333,132.12
98652480101,Республика Саха (Якутия),Усть-Алданский,Маягас,с,"[62.6263888888889,131.148333333333]",62.37.35,131.08.54,62.6263888888889,131.148333333333
98652445106,Республика Саха (Якутия),Усть-Алданский,Мындаба,с,"[62.6558333333333,131.180833333333]",62.39.21,131.10.51,62.6558333333333,131.180833333333
98652470101,Республика Саха (Якутия),Усть-Алданский,Огородтах,с,"[62.4530555555556,130.141388888889]",62.27.11,130.08.29,62.4530555555556,130.141388888889
98652435111,Республика Саха (Якутия),Усть-Алданский,Окоемовка,с,"[62.4675,131.341111111111]",62.28.03,131.20.28,62.4675,131.341111111111
98652470106,Республика Саха (Якутия),Усть-Алданский,Сасылыкан,с,"[62.4761111111111,130.646944444444]",62.28.34,130.38.49,62.4761111111111,130.646944444444
98652430111,Республика Саха (Якутия),Усть-Алданский,Стойка,с,"[62.9797222222222,130.848611111111]",62.58.47,130.50.55,62.9797222222222,130.848611111111
98652420101,Республика Саха (Якутия),Усть-Алданский,Сырдах,с,"[62.5594444444444,130.889166666667]",62.33.34,130.53.21,62.5594444444444,130.889166666667
98652410101,Республика Саха (Якутия),Усть-Алданский,Танда,с,"[62.6469444444444,131.993333333333]",62.38.49,131.59.36,62.6469444444444,131.993333333333
98652472101,Республика Саха (Якутия),Усть-Алданский,Тит-Ары,с,"[62.7544444444444,131.960277777778]",62.45.16,131.57.37,62.7544444444444,131.960277777778
98652445111,Республика Саха (Якутия),Усть-Алданский,Томтор,с,"[62.6975,131.0975]",62.41.51,131.05.51,62.6975,131.0975
98652473101,Республика Саха (Якутия),Усть-Алданский,Тулуна,с,"[62.8080555555556,131.075833333333]",62.48.29,131.04.33,62.8080555555556,131.075833333333
98652435101,Республика Саха (Якутия),Усть-Алданский,Ус-Кюель,с,"[62.4347222222222,131.597777777778]",62.26.05,131.35.52,62.4347222222222,131.597777777778
98652467101,Республика Саха (Якутия),Усть-Алданский,Усун-Кюель,с,"[62.87,130.83]",62.52.12,130.49.48,62.87,130.83
98652405101,Республика Саха (Якутия),Усть-Алданский,Хомустах,с,"[62.8761111111111,130.323611111111]",62.52.34,130.19.25,62.8761111111111,130.323611111111
98652470111,Республика Саха (Якутия),Усть-Алданский,Хоногор,с,"[62.47,130.11]",62.28.12,130.06.36,62.47,130.11
98652490101,Республика Саха (Якутия),Усть-Алданский,Чаранг,с,"[62.64,131.2]",62.38.24,131.12.00,62.64,131.2
98652485101,Республика Саха (Якутия),Усть-Алданский,Чериктей,с,"[63.2327777777778,130.989444444444]",63.13.58,130.59.22,63.2327777777778,130.989444444444
98652420106,Республика Саха (Якутия),Усть-Алданский,Чиряпчи,с,"[62.5041666666667,131.0525]",62.30.15,131.03.09,62.5041666666667,131.0525
98652415111,Республика Саха (Якутия),Усть-Алданский,Элясин,с,"[62.6225,130.537222222222]",62.37.21,130.32.14,62.6225,130.537222222222
98652460101,Республика Саха (Якутия),Усть-Алданский,Эселях,с,"[62.9102777777778,131.0475]",62.54.37,131.02.51,62.9102777777778,131.0475
98654164106,Республика Саха (Якутия),Усть-Майский,8-й км,с,"[60.7269444444444,135.076944444444]",60.43.37,135.04.37,60.7269444444444,135.076944444444
98654701,Республика Саха (Якутия),Усть-Майский,Аллах-Юнь,п,"[61.1341666666667,138.044444444444]",61.08.03,138.02.40,61.1341666666667,138.044444444444
98654405000,Республика Саха (Якутия),Усть-Майский,Белькачи,с,"[59.1844444444444,131.891111111111]",59.11.04,131.53.28,59.1844444444444,131.891111111111
98654156051,Республика Саха (Якутия),Усть-Майский,Звездочка,п,"[60.4872222222222,137.65]",60.29.14,137.39.00,60.4872222222222,137.65
98654410101,Республика Саха (Якутия),Усть-Майский,Кюпцы,с,"[60.8633333333333,135.325555555556]",60.51.48,135.19.32,60.8633333333333,135.325555555556
98654420101,Республика Саха (Якутия),Усть-Майский,Петропавловск,с,"[60.3691666666667,134.458333333333]",60.22.09,134.27.30,60.3691666666667,134.458333333333
98654158051,Республика Саха (Якутия),Усть-Майский,Солнечный,п,"[60.3022222222222,137.556944444444]",60.18.08,137.33.25,60.3022222222222,137.556944444444
98654420106,Республика Саха (Якутия),Усть-Майский,Троицк,с,"[60.3416666666667,134.457777777778]",60.20.30,134.27.28,60.3416666666667,134.457777777778
98654410106,Республика Саха (Якутия),Усть-Майский,Тумул,с,"[60.9658333333333,135.281111111111]",60.57.57,135.16.52,60.9658333333333,135.281111111111
98654151051,Республика Саха (Якутия),Усть-Майский,Усть-Мая,п,"[60.4152777777778,134.543055555556]",60.24.55,134.32.35,60.4152777777778,134.543055555556
98654415000,Республика Саха (Якутия),Усть-Майский,Усть-Миль,с,"[59.64,133.110277777778]",59.38.24,133.06.37,59.64,133.110277777778
98654158106,Республика Саха (Якутия),Усть-Майский,Усть-Ыныкчан,с,"[60.2647222222222,137.506111111111]",60.15.53,137.30.22,60.2647222222222,137.506111111111
98654151106,Республика Саха (Якутия),Усть-Майский,Усть-Юдома,с,"[59.1591666666667,135.175277777778]",59.09.33,135.10.31,59.1591666666667,135.175277777778
98654425101,Республика Саха (Якутия),Усть-Майский,Эжанцы,с,"[60.4794444444444,135.168055555556]",60.28.46,135.10.05,60.4794444444444,135.168055555556
98654164051,Республика Саха (Якутия),Усть-Майский,Эльдикан,п,"[60.775,135.148611111111]",60.46.30,135.08.55,60.775,135.148611111111
98654166,Республика Саха (Якутия),Усть-Майский,Югоренок,п,"[59.7544444444444,137.693055555556]",59.45.16,137.41.35,59.7544444444444,137.693055555556
98656151051,Республика Саха (Якутия),Усть-Янский,Депутатский,пгт,"[69.3408333333333,139.950555555556]",69.20.27,139.57.02,69.3408333333333,139.950555555556
98656405101,Республика Саха (Якутия),Усть-Янский,Казачье,с,"[70.7444444444444,136.208055555556]",70.44.40,136.12.29,70.7444444444444,136.208055555556
98656159051,Республика Саха (Якутия),Усть-Янский,Нижнеянск,п,"[71.4405555555556,136.146944444444]",71.26.26,136.08.49,71.4405555555556,136.146944444444
98656415101,Республика Саха (Якутия),Усть-Янский,Сайылык,с,"[68.9644444444444,138.412222222222]",68.57.52,138.24.44,68.9644444444444,138.412222222222
98656420101,Республика Саха (Якутия),Усть-Янский,Тумат,с,"[70.7222222222222,139.226111111111]",70.43.20,139.13.34,70.7222222222222,139.226111111111
98656165051,Республика Саха (Якутия),Усть-Янский,Усть-Куйга,п,"[70.0025,135.544722222222]",70.00.09,135.32.41,70.0025,135.544722222222
98656425101,Республика Саха (Якутия),Усть-Янский,Усть-Янск,с,"[70.9133333333333,136.449722222222]",70.54.48,136.26.59,70.9133333333333,136.449722222222
98656427,Республика Саха (Якутия),Усть-Янский,Уяндино,с,"[69.32,140.93]",69.19.12,140.55.48,69.32,140.93
98656410101,Республика Саха (Якутия),Усть-Янский,Хайыр,с,"[70.8130555555556,133.498055555556]",70.48.47,133.29.53,70.8130555555556,133.498055555556
98656435101,Республика Саха (Якутия),Усть-Янский,Юкагир,с,"[71.7747222222222,139.846666666667]",71.46.29,139.50.48,71.7747222222222,139.846666666667
98644403101,Республика Саха (Якутия),Хангаласский,Бестях,с,"[61.365,128.861944444444]",61.21.54,128.51.43,61.365,128.861944444444
98644423101,Республика Саха (Якутия),Хангаласский,Булгунняхтах,с,"[61.2997222222222,128.665277777778]",61.17.59,128.39.55,61.2997222222222,128.665277777778
98644427101,Республика Саха (Якутия),Хангаласский,Едей,с,"[61.1047222222222,126.370555555556]",61.06.17,126.22.14,61.1047222222222,126.370555555556
98644425106,Республика Саха (Якутия),Хангаласский,Еланка,с,"[61.2697222222222,128.11]",61.16.11,128.06.36,61.2697222222222,128.11
98644412101,Республика Саха (Якутия),Хангаласский,Исит,с,"[60.8122222222222,125.328333333333]",60.48.44,125.19.42,60.8122222222222,125.328333333333
98644447106,Республика Саха (Якутия),Хангаласский,Карапатское,с,"[61.6888888888889,129.463888888889]",61.41.20,129.27.50,61.6888888888889,129.463888888889
98644418101,Республика Саха (Якутия),Хангаласский,Качикатцы,с,"[61.3191666666667,128.955]",61.19.09,128.57.18,61.3191666666667,128.955
98644407101,Республика Саха (Якутия),Хангаласский,Кердем,с,"[61.4313888888889,129.195555555556]",61.25.53,129.11.44,61.4313888888889,129.195555555556
98644418106,Республика Саха (Якутия),Хангаласский,Кысыл-Юрюйя,с,"[61.3611111111111,129.025277777778]",61.21.40,129.01.31,61.3611111111111,129.025277777778
98644423106,Республика Саха (Якутия),Хангаласский,Кытаанах-Кырдал,с,"[61.24,128.386666666667]",61.14.24,128.23.12,61.24,128.386666666667
98644428101,Республика Саха (Якутия),Хангаласский,Кытыл-Дюра,с,"[60.9686111111111,125.923888888889]",60.58.07,125.55.26,60.9686111111111,125.923888888889
98644157,Республика Саха (Якутия),Хангаласский,Мохсоголлох,п,"[61.3969444444444,128.943611111111]",61.23.49,128.56.37,61.3969444444444,128.943611111111
98644412106,Республика Саха (Якутия),Хангаласский,Нохорой,с,"[60.8177777777778,125.379444444444]",60.49.04,125.22.46,60.8177777777778,125.379444444444
98644407106,Республика Саха (Якутия),Хангаласский,Нуочаха,с,"[61.3033333333333,129.568333333333]",61.18.12,129.34.06,61.3033333333333,129.568333333333
98644435101,Республика Саха (Якутия),Хангаласский,Ой,с,"[61.5405555555556,129.183888888889]",61.32.26,129.11.02,61.5405555555556,129.183888888889
98644440101,Республика Саха (Якутия),Хангаласский,Октемцы,с,"[61.6658333333333,129.415277777778]",61.39.57,129.24.55,61.6658333333333,129.415277777778
98644101001,Республика Саха (Якутия),Хангаласский,Покровск,г,"[61.4838888888889,129.150555555556]",61.29.02,129.09.02,61.4838888888889,129.150555555556
98644445101,Республика Саха (Якутия),Хангаласский,Синск,с,"[61.1319444444444,126.839722222222]",61.07.55,126.50.23,61.1319444444444,126.839722222222
98644447101,Республика Саха (Якутия),Хангаласский,Техтюр,с,"[61.7113888888889,129.467777777778]",61.42.41,129.28.04,61.7113888888889,129.467777777778
98644450101,Республика Саха (Якутия),Хангаласский,Тит-Ары,с,"[61.2247222222222,127.730555555556]",61.13.29,127.43.50,61.2247222222222,127.730555555556
98644406101,Республика Саха (Якутия),Хангаласский,Тит-Эбя,с,"[61.4844444444444,129.318333333333]",61.29.04,129.19.06,61.4844444444444,129.318333333333
98644453101,Республика Саха (Якутия),Хангаласский,Тумул,с,"[61.1808333333333,127.535833333333]",61.10.51,127.32.09,61.1808333333333,127.535833333333
98644409101,Республика Саха (Якутия),Хангаласский,Улах-Ан,с,"[61.6144444444444,129.227777777778]",61.36.52,129.13.40,61.6144444444444,129.227777777778
98644425101,Республика Саха (Якутия),Хангаласский,Улахан-Ан,с,"[61.3011111111111,128.258611111111]",61.18.04,128.15.31,61.3011111111111,128.258611111111
98644450106,Республика Саха (Якутия),Хангаласский,Харыялах,с,"[61.2172222222222,127.915833333333]",61.13.02,127.54.57,61.2172222222222,127.915833333333
98644406106,Республика Саха (Якутия),Хангаласский,Хоточчу,с,"[61.5344444444444,129.408611111111]",61.32.04,129.24.31,61.5344444444444,129.408611111111
98644440106,Республика Саха (Якутия),Хангаласский,Чапаево,с,"[61.6555555555556,129.387222222222]",61.39.20,129.23.14,61.6555555555556,129.387222222222
98644403106,Республика Саха (Якутия),Хангаласский,Чаранг,с,"[61.4252777777778,128.779166666667]",61.25.31,128.46.45,61.4252777777778,128.779166666667
98644450111,Республика Саха (Якутия),Хангаласский,Чкалов,с,"[61.1930555555556,127.753055555556]",61.11.35,127.45.11,61.1930555555556,127.753055555556
98658423101,Республика Саха (Якутия),Чурапчинский,Арылах,с,"[62.3652777777778,132.610277777778]",62.21.55,132.36.37,62.3652777777778,132.610277777778
98658440106,Республика Саха (Якутия),Чурапчинский,Беря,с,"[62.1772222222222,132.02]",62.10.38,132.01.12,62.1772222222222,132.02
98658430111,Республика Саха (Якутия),Чурапчинский,Василий Аласа,с,"[61.79,132.566388888889]",61.47.24,132.33.59,61.79,132.566388888889
98658460101,Республика Саха (Якутия),Чурапчинский,Диринг,с,"[61.8455555555556,132.123055555556]",61.50.44,132.07.23,61.8455555555556,132.123055555556
98658430101,Республика Саха (Якутия),Чурапчинский,Дябыла,с,"[61.9022222222222,132.354444444444]",61.54.08,132.21.16,61.9022222222222,132.354444444444
98658440121,Республика Саха (Якутия),Чурапчинский,Дярла,с,"[62.0547222222222,132.414722222222]",62.03.17,132.24.53,62.0547222222222,132.414722222222
98658420101,Республика Саха (Якутия),Чурапчинский,Килянки,с,"[62.2586111111111,132.363055555556]",62.15.31,132.21.47,62.2586111111111,132.363055555556
98658410106,Республика Саха (Якутия),Чурапчинский,Кындал,с,"[62.1302777777778,132.741666666667]",62.07.49,132.44.30,62.1302777777778,132.741666666667
98658415106,Республика Саха (Якутия),Чурапчинский,Кыстык-Кугда,с,"[61.6122222222222,133.180277777778]",61.36.44,133.10.49,61.6122222222222,133.180277777778
98658407106,Республика Саха (Якутия),Чурапчинский,Лебия,с,"[62.3091666666667,131.435833333333]",62.18.33,131.26.09,62.3091666666667,131.435833333333
98658425101,Республика Саха (Якутия),Чурапчинский,Маралайы,с,"[61.9825,131.922222222222]",61.58.57,131.55.20,61.9825,131.922222222222
98658415101,Республика Саха (Якутия),Чурапчинский,Мындагай,с,"[61.6433333333333,133.200555555556]",61.38.36,133.12.02,61.6433333333333,133.200555555556
98658435101,Республика Саха (Якутия),Чурапчинский,Мырыла,с,"[61.8338888888889,133.640277777778]",61.50.02,133.38.25,61.8338888888889,133.640277777778
98658442106,Республика Саха (Якутия),Чурапчинский,Мяндийе,с,"[61.9383333333333,132.121388888889]",61.56.18,132.07.17,61.9383333333333,132.121388888889
98658440116,Республика Саха (Якутия),Чурапчинский,Огусур,с,"[62.1386111111111,132.431666666667]",62.08.19,132.25.54,62.1386111111111,132.431666666667
98658442101,Республика Саха (Якутия),Чурапчинский,Телей-Диринг,с,"[61.985,132.165]",61.59.06,132.09.54,61.985,132.165
98658407101,Республика Саха (Якутия),Чурапчинский,Толон,с,"[61.6588888888889,132.082222222222]",61.39.32,132.04.56,61.6588888888889,132.082222222222
98658455101,Республика Саха (Якутия),Чурапчинский,Туора-Кюель,с,"[61.7272222222222,131.943055555556]",61.43.38,131.56.35,61.7272222222222,131.943055555556
98658440111,Республика Саха (Якутия),Чурапчинский,Улахан-Кюель,с,"[62.2613888888889,132.1375]",62.15.41,132.08.15,62.2613888888889,132.1375
98658460106,Республика Саха (Якутия),Чурапчинский,Улахан-Эбя,с,"[61.8877777777778,131.661111111111]",61.53.16,131.39.40,61.8877777777778,131.661111111111
98658445106,Республика Саха (Якутия),Чурапчинский,Уорга,с,"[61.7486111111111,132.298055555556]",61.44.55,132.17.53,61.7486111111111,132.298055555556
98658440101,Республика Саха (Якутия),Чурапчинский,Усун-Кюель,с,"[62.1652777777778,132.175833333333]",62.09.55,132.10.33,62.1652777777778,132.175833333333
98658450101,Республика Саха (Якутия),Чурапчинский,Харбала 1-я,с,"[61.9897222222222,132.575555555556]",61.59.23,132.34.32,61.9897222222222,132.575555555556
98658410101,Республика Саха (Якутия),Чурапчинский,Харбала 2-я,с,"[62.0394444444444,132.745833333333]",62.02.22,132.44.45,62.0394444444444,132.745833333333
98658435106,Республика Саха (Якутия),Чурапчинский,Хахыях,с,"[61.7405555555556,133.6625]",61.44.26,133.39.45,61.7405555555556,133.6625
98658470101,Республика Саха (Якутия),Чурапчинский,Чурапча,с,"[61.9983333333333,132.4275]",61.59.54,132.25.39,61.9983333333333,132.4275
98658402101,Республика Саха (Якутия),Чурапчинский,Чыаппара,с,"[62.1844444444444,131.412222222222]",62.11.04,131.24.44,62.1844444444444,131.412222222222
98658445101,Республика Саха (Якутия),Чурапчинский,Юрюнг-Кюель,с,"[61.7580555555556,132.009722222222]",61.45.29,132.00.35,61.7580555555556,132.009722222222
98658430106,Республика Саха (Якутия),Чурапчинский,Юрях-Кюере,с,"[61.8147222222222,132.405833333333]",61.48.53,132.24.21,61.8147222222222,132.405833333333
98659415106,Республика Саха (Якутия),Эвено-Бытантайский национальный,Алы,с,"[68.4186111111111,132.393333333333]",68.25.07,132.23.36,68.4186111111111,132.393333333333
98659420101,Республика Саха (Якутия),Эвено-Бытантайский национальный,Батагай-Алыта,с,"[67.7983333333333,130.401388888889]",67.47.54,130.24.05,67.7983333333333,130.401388888889
98659405101,Республика Саха (Якутия),Эвено-Бытантайский национальный,Джаргалах,с,"[67.2727777777778,130.545]",67.16.22,130.32.42,67.2727777777778,130.545
98659415101,Республика Саха (Якутия),Эвено-Бытантайский национальный,Кустур,с,"[68.1719444444444,131.676666666667]",68.10.19,131.40.36,68.1719444444444,131.676666666667
